ISO-10303-21;
HEADER;
/* Generated by software containing ST-Developer
 * from STEP Tools, Inc. (www.steptools.com) 
 */

FILE_DESCRIPTION(
/* description */ (''),
/* implementation_level */ '2;1');

FILE_NAME(
/* name */ 'Cover Arduino New Final.stp',
/* time_stamp */ '2025-05-30T17:54:55+07:00',
/* author */ ('Ramatya Rimba'),
/* organization */ (''),
/* preprocessor_version */ 'ST-DEVELOPER v20.1',
/* originating_system */ 'Autodesk Inventor 2026',
/* authorisation */ '');

FILE_SCHEMA (('AUTOMOTIVE_DESIGN { 1 0 10303 214 3 1 1 }'));
ENDSEC;

DATA;
#10=MECHANICAL_DESIGN_GEOMETRIC_PRESENTATION_REPRESENTATION('',(#32,#33),
#2710);
#11=GEOMETRICALLY_BOUNDED_WIREFRAME_SHAPE_REPRESENTATION('',(#12,#13,#14,
#15,#16,#17,#18,#19,#20,#21,#22),#2709);
#12=GEOMETRIC_CURVE_SET('Sketch1',(#2686));
#13=GEOMETRIC_CURVE_SET('Sketch7',(#2687,#2688,#2689));
#14=GEOMETRIC_CURVE_SET('Sketch10',(#2690));
#15=GEOMETRIC_CURVE_SET('Sketch11',(#2691));
#16=GEOMETRIC_CURVE_SET('Sketch26',(#2692));
#17=GEOMETRIC_CURVE_SET('Sketch39',(#2693,#2694,#2695,#2696,#2697));
#18=GEOMETRIC_CURVE_SET('Sketch40',(#2698,#2699,#2700));
#19=GEOMETRIC_CURVE_SET('Sketch41',(#2701,#2702,#2703));
#20=GEOMETRIC_CURVE_SET('Sketch42',(#2704));
#21=GEOMETRIC_CURVE_SET('Sketch43',(#2705));
#22=GEOMETRIC_CURVE_SET('Sketch58',(#2706));
#23=SHAPE_REPRESENTATION_RELATIONSHIP('SRR','None',#2717,#25);
#24=SHAPE_REPRESENTATION_RELATIONSHIP('SRR','None',#2717,#11);
#25=ADVANCED_BREP_SHAPE_REPRESENTATION('',(#34,#35),#2709);
#26=CONICAL_SURFACE('',#1765,1.75,0.785398163397448);
#27=CONICAL_SURFACE('',#1770,1.75,0.785398163397448);
#28=CONICAL_SURFACE('',#1775,1.75,0.785398163397448);
#29=CONICAL_SURFACE('',#1780,1.75,0.785398163397448);
#30=CONICAL_SURFACE('',#1785,1.75,0.785398163397448);
#31=CONICAL_SURFACE('',#1790,1.75,0.785398163397448);
#32=STYLED_ITEM('',(#2726),#34);
#33=STYLED_ITEM('',(#2726),#35);
#34=MANIFOLD_SOLID_BREP('Solid1',#1661);
#35=MANIFOLD_SOLID_BREP('Solid1',#1662);
#36=FACE_BOUND('',#224,.T.);
#37=FACE_BOUND('',#228,.T.);
#38=FACE_BOUND('',#232,.T.);
#39=FACE_BOUND('',#236,.T.);
#40=FACE_BOUND('',#240,.T.);
#41=FACE_BOUND('',#244,.T.);
#42=FACE_BOUND('',#246,.T.);
#43=FACE_BOUND('',#247,.T.);
#44=FACE_BOUND('',#248,.T.);
#45=FACE_BOUND('',#249,.T.);
#46=FACE_BOUND('',#250,.T.);
#47=FACE_BOUND('',#251,.T.);
#48=FACE_BOUND('',#252,.T.);
#49=FACE_BOUND('',#257,.T.);
#50=FACE_BOUND('',#259,.T.);
#51=FACE_BOUND('',#261,.T.);
#52=FACE_BOUND('',#267,.T.);
#53=FACE_BOUND('',#273,.T.);
#54=FACE_BOUND('',#283,.T.);
#55=FACE_BOUND('',#285,.T.);
#56=FACE_BOUND('',#286,.T.);
#57=FACE_BOUND('',#287,.T.);
#58=FACE_BOUND('',#290,.T.);
#59=FACE_BOUND('',#306,.T.);
#60=FACE_BOUND('',#307,.T.);
#61=FACE_BOUND('',#308,.T.);
#62=FACE_BOUND('',#309,.T.);
#63=FACE_BOUND('',#310,.T.);
#64=FACE_BOUND('',#311,.T.);
#65=FACE_BOUND('',#312,.T.);
#66=FACE_BOUND('',#313,.T.);
#67=FACE_BOUND('',#316,.T.);
#68=FACE_BOUND('',#317,.T.);
#69=FACE_BOUND('',#318,.T.);
#70=FACE_BOUND('',#319,.T.);
#71=FACE_BOUND('',#320,.T.);
#72=FACE_BOUND('',#321,.T.);
#73=FACE_BOUND('',#322,.T.);
#74=FACE_BOUND('',#323,.T.);
#75=PLANE('',#1712);
#76=PLANE('',#1713);
#77=PLANE('',#1714);
#78=PLANE('',#1715);
#79=PLANE('',#1716);
#80=PLANE('',#1717);
#81=PLANE('',#1718);
#82=PLANE('',#1719);
#83=PLANE('',#1720);
#84=PLANE('',#1721);
#85=PLANE('',#1722);
#86=PLANE('',#1723);
#87=PLANE('',#1724);
#88=PLANE('',#1725);
#89=PLANE('',#1726);
#90=PLANE('',#1727);
#91=PLANE('',#1728);
#92=PLANE('',#1729);
#93=PLANE('',#1730);
#94=PLANE('',#1731);
#95=PLANE('',#1732);
#96=PLANE('',#1733);
#97=PLANE('',#1734);
#98=PLANE('',#1735);
#99=PLANE('',#1736);
#100=PLANE('',#1737);
#101=PLANE('',#1738);
#102=PLANE('',#1739);
#103=PLANE('',#1740);
#104=PLANE('',#1741);
#105=PLANE('',#1742);
#106=PLANE('',#1743);
#107=PLANE('',#1744);
#108=PLANE('',#1745);
#109=PLANE('',#1746);
#110=PLANE('',#1747);
#111=PLANE('',#1748);
#112=PLANE('',#1749);
#113=PLANE('',#1750);
#114=PLANE('',#1751);
#115=PLANE('',#1752);
#116=PLANE('',#1753);
#117=PLANE('',#1754);
#118=PLANE('',#1755);
#119=PLANE('',#1756);
#120=PLANE('',#1757);
#121=PLANE('',#1758);
#122=PLANE('',#1795);
#123=PLANE('',#1796);
#124=PLANE('',#1797);
#125=PLANE('',#1798);
#126=PLANE('',#1799);
#127=PLANE('',#1800);
#128=PLANE('',#1801);
#129=PLANE('',#1802);
#130=PLANE('',#1803);
#131=PLANE('',#1804);
#132=FACE_OUTER_BOUND('',#212,.T.);
#133=FACE_OUTER_BOUND('',#213,.T.);
#134=FACE_OUTER_BOUND('',#214,.T.);
#135=FACE_OUTER_BOUND('',#215,.T.);
#136=FACE_OUTER_BOUND('',#216,.T.);
#137=FACE_OUTER_BOUND('',#217,.T.);
#138=FACE_OUTER_BOUND('',#218,.T.);
#139=FACE_OUTER_BOUND('',#219,.T.);
#140=FACE_OUTER_BOUND('',#220,.T.);
#141=FACE_OUTER_BOUND('',#221,.T.);
#142=FACE_OUTER_BOUND('',#222,.T.);
#143=FACE_OUTER_BOUND('',#223,.T.);
#144=FACE_OUTER_BOUND('',#225,.T.);
#145=FACE_OUTER_BOUND('',#226,.T.);
#146=FACE_OUTER_BOUND('',#227,.T.);
#147=FACE_OUTER_BOUND('',#229,.T.);
#148=FACE_OUTER_BOUND('',#230,.T.);
#149=FACE_OUTER_BOUND('',#231,.T.);
#150=FACE_OUTER_BOUND('',#233,.T.);
#151=FACE_OUTER_BOUND('',#234,.T.);
#152=FACE_OUTER_BOUND('',#235,.T.);
#153=FACE_OUTER_BOUND('',#237,.T.);
#154=FACE_OUTER_BOUND('',#238,.T.);
#155=FACE_OUTER_BOUND('',#239,.T.);
#156=FACE_OUTER_BOUND('',#241,.T.);
#157=FACE_OUTER_BOUND('',#242,.T.);
#158=FACE_OUTER_BOUND('',#243,.T.);
#159=FACE_OUTER_BOUND('',#245,.T.);
#160=FACE_OUTER_BOUND('',#253,.T.);
#161=FACE_OUTER_BOUND('',#254,.T.);
#162=FACE_OUTER_BOUND('',#255,.T.);
#163=FACE_OUTER_BOUND('',#256,.T.);
#164=FACE_OUTER_BOUND('',#258,.T.);
#165=FACE_OUTER_BOUND('',#260,.T.);
#166=FACE_OUTER_BOUND('',#262,.T.);
#167=FACE_OUTER_BOUND('',#263,.T.);
#168=FACE_OUTER_BOUND('',#264,.T.);
#169=FACE_OUTER_BOUND('',#265,.T.);
#170=FACE_OUTER_BOUND('',#266,.T.);
#171=FACE_OUTER_BOUND('',#268,.T.);
#172=FACE_OUTER_BOUND('',#269,.T.);
#173=FACE_OUTER_BOUND('',#270,.T.);
#174=FACE_OUTER_BOUND('',#271,.T.);
#175=FACE_OUTER_BOUND('',#272,.T.);
#176=FACE_OUTER_BOUND('',#274,.T.);
#177=FACE_OUTER_BOUND('',#275,.T.);
#178=FACE_OUTER_BOUND('',#276,.T.);
#179=FACE_OUTER_BOUND('',#277,.T.);
#180=FACE_OUTER_BOUND('',#278,.T.);
#181=FACE_OUTER_BOUND('',#279,.T.);
#182=FACE_OUTER_BOUND('',#280,.T.);
#183=FACE_OUTER_BOUND('',#281,.T.);
#184=FACE_OUTER_BOUND('',#282,.T.);
#185=FACE_OUTER_BOUND('',#284,.T.);
#186=FACE_OUTER_BOUND('',#288,.T.);
#187=FACE_OUTER_BOUND('',#289,.T.);
#188=FACE_OUTER_BOUND('',#291,.T.);
#189=FACE_OUTER_BOUND('',#292,.T.);
#190=FACE_OUTER_BOUND('',#293,.T.);
#191=FACE_OUTER_BOUND('',#294,.T.);
#192=FACE_OUTER_BOUND('',#295,.T.);
#193=FACE_OUTER_BOUND('',#296,.T.);
#194=FACE_OUTER_BOUND('',#297,.T.);
#195=FACE_OUTER_BOUND('',#298,.T.);
#196=FACE_OUTER_BOUND('',#299,.T.);
#197=FACE_OUTER_BOUND('',#300,.T.);
#198=FACE_OUTER_BOUND('',#301,.T.);
#199=FACE_OUTER_BOUND('',#302,.T.);
#200=FACE_OUTER_BOUND('',#303,.T.);
#201=FACE_OUTER_BOUND('',#304,.T.);
#202=FACE_OUTER_BOUND('',#305,.T.);
#203=FACE_OUTER_BOUND('',#314,.T.);
#204=FACE_OUTER_BOUND('',#315,.T.);
#205=FACE_OUTER_BOUND('',#324,.T.);
#206=FACE_OUTER_BOUND('',#325,.T.);
#207=FACE_OUTER_BOUND('',#326,.T.);
#208=FACE_OUTER_BOUND('',#327,.T.);
#209=FACE_OUTER_BOUND('',#328,.T.);
#210=FACE_OUTER_BOUND('',#329,.T.);
#211=FACE_OUTER_BOUND('',#330,.T.);
#212=EDGE_LOOP('',(#1114,#1115,#1116,#1117));
#213=EDGE_LOOP('',(#1118,#1119,#1120,#1121));
#214=EDGE_LOOP('',(#1122,#1123,#1124,#1125));
#215=EDGE_LOOP('',(#1126,#1127,#1128,#1129));
#216=EDGE_LOOP('',(#1130,#1131,#1132,#1133));
#217=EDGE_LOOP('',(#1134,#1135,#1136,#1137));
#218=EDGE_LOOP('',(#1138,#1139,#1140,#1141));
#219=EDGE_LOOP('',(#1142,#1143,#1144,#1145));
#220=EDGE_LOOP('',(#1146,#1147,#1148,#1149));
#221=EDGE_LOOP('',(#1150,#1151,#1152,#1153));
#222=EDGE_LOOP('',(#1154,#1155,#1156,#1157));
#223=EDGE_LOOP('',(#1158,#1159,#1160,#1161));
#224=EDGE_LOOP('',(#1162));
#225=EDGE_LOOP('',(#1163,#1164,#1165,#1166));
#226=EDGE_LOOP('',(#1167,#1168,#1169,#1170));
#227=EDGE_LOOP('',(#1171,#1172,#1173,#1174));
#228=EDGE_LOOP('',(#1175));
#229=EDGE_LOOP('',(#1176,#1177,#1178,#1179));
#230=EDGE_LOOP('',(#1180,#1181,#1182,#1183));
#231=EDGE_LOOP('',(#1184,#1185,#1186,#1187));
#232=EDGE_LOOP('',(#1188));
#233=EDGE_LOOP('',(#1189,#1190,#1191,#1192));
#234=EDGE_LOOP('',(#1193,#1194,#1195,#1196));
#235=EDGE_LOOP('',(#1197,#1198,#1199,#1200));
#236=EDGE_LOOP('',(#1201));
#237=EDGE_LOOP('',(#1202,#1203,#1204,#1205));
#238=EDGE_LOOP('',(#1206,#1207,#1208,#1209));
#239=EDGE_LOOP('',(#1210,#1211,#1212,#1213));
#240=EDGE_LOOP('',(#1214));
#241=EDGE_LOOP('',(#1215,#1216,#1217,#1218));
#242=EDGE_LOOP('',(#1219,#1220,#1221,#1222));
#243=EDGE_LOOP('',(#1223,#1224,#1225,#1226));
#244=EDGE_LOOP('',(#1227));
#245=EDGE_LOOP('',(#1228,#1229,#1230,#1231,#1232,#1233,#1234,#1235));
#246=EDGE_LOOP('',(#1236));
#247=EDGE_LOOP('',(#1237));
#248=EDGE_LOOP('',(#1238));
#249=EDGE_LOOP('',(#1239));
#250=EDGE_LOOP('',(#1240));
#251=EDGE_LOOP('',(#1241));
#252=EDGE_LOOP('',(#1242,#1243,#1244,#1245,#1246,#1247,#1248,#1249,#1250,
#1251,#1252,#1253,#1254,#1255,#1256,#1257,#1258,#1259,#1260,#1261));
#253=EDGE_LOOP('',(#1262,#1263,#1264,#1265,#1266,#1267));
#254=EDGE_LOOP('',(#1268,#1269,#1270,#1271,#1272,#1273));
#255=EDGE_LOOP('',(#1274,#1275,#1276,#1277,#1278,#1279));
#256=EDGE_LOOP('',(#1280,#1281,#1282,#1283,#1284,#1285,#1286,#1287));
#257=EDGE_LOOP('',(#1288));
#258=EDGE_LOOP('',(#1289,#1290,#1291,#1292,#1293,#1294,#1295,#1296,#1297,
#1298,#1299,#1300,#1301,#1302,#1303,#1304));
#259=EDGE_LOOP('',(#1305));
#260=EDGE_LOOP('',(#1306,#1307,#1308,#1309,#1310,#1311,#1312,#1313));
#261=EDGE_LOOP('',(#1314,#1315,#1316,#1317));
#262=EDGE_LOOP('',(#1318,#1319,#1320,#1321,#1322,#1323,#1324,#1325));
#263=EDGE_LOOP('',(#1326,#1327,#1328,#1329));
#264=EDGE_LOOP('',(#1330,#1331,#1332,#1333));
#265=EDGE_LOOP('',(#1334,#1335,#1336,#1337));
#266=EDGE_LOOP('',(#1338,#1339,#1340,#1341,#1342,#1343,#1344,#1345,#1346,
#1347,#1348,#1349,#1350,#1351,#1352,#1353));
#267=EDGE_LOOP('',(#1354));
#268=EDGE_LOOP('',(#1355,#1356,#1357,#1358));
#269=EDGE_LOOP('',(#1359,#1360,#1361,#1362));
#270=EDGE_LOOP('',(#1363,#1364,#1365,#1366,#1367,#1368));
#271=EDGE_LOOP('',(#1369,#1370,#1371,#1372));
#272=EDGE_LOOP('',(#1373,#1374,#1375,#1376));
#273=EDGE_LOOP('',(#1377));
#274=EDGE_LOOP('',(#1378,#1379,#1380,#1381));
#275=EDGE_LOOP('',(#1382,#1383,#1384,#1385));
#276=EDGE_LOOP('',(#1386,#1387,#1388,#1389));
#277=EDGE_LOOP('',(#1390,#1391,#1392,#1393));
#278=EDGE_LOOP('',(#1394,#1395,#1396,#1397));
#279=EDGE_LOOP('',(#1398,#1399,#1400,#1401));
#280=EDGE_LOOP('',(#1402,#1403,#1404,#1405));
#281=EDGE_LOOP('',(#1406,#1407,#1408,#1409));
#282=EDGE_LOOP('',(#1410,#1411,#1412,#1413));
#283=EDGE_LOOP('',(#1414,#1415,#1416,#1417));
#284=EDGE_LOOP('',(#1418,#1419,#1420,#1421));
#285=EDGE_LOOP('',(#1422));
#286=EDGE_LOOP('',(#1423,#1424,#1425,#1426));
#287=EDGE_LOOP('',(#1427,#1428,#1429,#1430));
#288=EDGE_LOOP('',(#1431,#1432,#1433,#1434));
#289=EDGE_LOOP('',(#1435,#1436,#1437,#1438,#1439,#1440,#1441,#1442));
#290=EDGE_LOOP('',(#1443));
#291=EDGE_LOOP('',(#1444,#1445,#1446,#1447));
#292=EDGE_LOOP('',(#1448,#1449,#1450,#1451));
#293=EDGE_LOOP('',(#1452,#1453,#1454,#1455));
#294=EDGE_LOOP('',(#1456,#1457,#1458,#1459));
#295=EDGE_LOOP('',(#1460,#1461,#1462,#1463));
#296=EDGE_LOOP('',(#1464,#1465,#1466,#1467));
#297=EDGE_LOOP('',(#1468,#1469,#1470,#1471));
#298=EDGE_LOOP('',(#1472,#1473,#1474,#1475));
#299=EDGE_LOOP('',(#1476,#1477,#1478,#1479));
#300=EDGE_LOOP('',(#1480,#1481,#1482,#1483));
#301=EDGE_LOOP('',(#1484,#1485,#1486,#1487));
#302=EDGE_LOOP('',(#1488,#1489,#1490,#1491));
#303=EDGE_LOOP('',(#1492,#1493,#1494,#1495));
#304=EDGE_LOOP('',(#1496,#1497,#1498,#1499));
#305=EDGE_LOOP('',(#1500,#1501,#1502,#1503,#1504,#1505,#1506,#1507));
#306=EDGE_LOOP('',(#1508));
#307=EDGE_LOOP('',(#1509));
#308=EDGE_LOOP('',(#1510));
#309=EDGE_LOOP('',(#1511));
#310=EDGE_LOOP('',(#1512));
#311=EDGE_LOOP('',(#1513));
#312=EDGE_LOOP('',(#1514));
#313=EDGE_LOOP('',(#1515));
#314=EDGE_LOOP('',(#1516,#1517,#1518,#1519));
#315=EDGE_LOOP('',(#1520,#1521,#1522,#1523,#1524,#1525,#1526,#1527));
#316=EDGE_LOOP('',(#1528));
#317=EDGE_LOOP('',(#1529));
#318=EDGE_LOOP('',(#1530));
#319=EDGE_LOOP('',(#1531));
#320=EDGE_LOOP('',(#1532));
#321=EDGE_LOOP('',(#1533));
#322=EDGE_LOOP('',(#1534));
#323=EDGE_LOOP('',(#1535));
#324=EDGE_LOOP('',(#1536,#1537,#1538,#1539));
#325=EDGE_LOOP('',(#1540,#1541,#1542,#1543));
#326=EDGE_LOOP('',(#1544,#1545,#1546,#1547));
#327=EDGE_LOOP('',(#1548,#1549,#1550,#1551));
#328=EDGE_LOOP('',(#1552,#1553,#1554,#1555));
#329=EDGE_LOOP('',(#1556,#1557,#1558,#1559));
#330=EDGE_LOOP('',(#1560,#1561,#1562,#1563));
#331=LINE('',#2237,#516);
#332=LINE('',#2243,#517);
#333=LINE('',#2249,#518);
#334=LINE('',#2255,#519);
#335=LINE('',#2261,#520);
#336=LINE('',#2267,#521);
#337=LINE('',#2273,#522);
#338=LINE('',#2279,#523);
#339=LINE('',#2285,#524);
#340=LINE('',#2290,#525);
#341=LINE('',#2292,#526);
#342=LINE('',#2294,#527);
#343=LINE('',#2295,#528);
#344=LINE('',#2298,#529);
#345=LINE('',#2300,#530);
#346=LINE('',#2301,#531);
#347=LINE('',#2304,#532);
#348=LINE('',#2305,#533);
#349=LINE('',#2309,#534);
#350=LINE('',#2311,#535);
#351=LINE('',#2313,#536);
#352=LINE('',#2314,#537);
#353=LINE('',#2317,#538);
#354=LINE('',#2319,#539);
#355=LINE('',#2320,#540);
#356=LINE('',#2323,#541);
#357=LINE('',#2324,#542);
#358=LINE('',#2328,#543);
#359=LINE('',#2330,#544);
#360=LINE('',#2332,#545);
#361=LINE('',#2333,#546);
#362=LINE('',#2336,#547);
#363=LINE('',#2338,#548);
#364=LINE('',#2339,#549);
#365=LINE('',#2342,#550);
#366=LINE('',#2343,#551);
#367=LINE('',#2347,#552);
#368=LINE('',#2349,#553);
#369=LINE('',#2351,#554);
#370=LINE('',#2352,#555);
#371=LINE('',#2355,#556);
#372=LINE('',#2357,#557);
#373=LINE('',#2358,#558);
#374=LINE('',#2361,#559);
#375=LINE('',#2362,#560);
#376=LINE('',#2366,#561);
#377=LINE('',#2368,#562);
#378=LINE('',#2370,#563);
#379=LINE('',#2371,#564);
#380=LINE('',#2374,#565);
#381=LINE('',#2376,#566);
#382=LINE('',#2377,#567);
#383=LINE('',#2380,#568);
#384=LINE('',#2381,#569);
#385=LINE('',#2385,#570);
#386=LINE('',#2387,#571);
#387=LINE('',#2389,#572);
#388=LINE('',#2390,#573);
#389=LINE('',#2393,#574);
#390=LINE('',#2395,#575);
#391=LINE('',#2396,#576);
#392=LINE('',#2399,#577);
#393=LINE('',#2400,#578);
#394=LINE('',#2404,#579);
#395=LINE('',#2406,#580);
#396=LINE('',#2408,#581);
#397=LINE('',#2410,#582);
#398=LINE('',#2412,#583);
#399=LINE('',#2414,#584);
#400=LINE('',#2416,#585);
#401=LINE('',#2417,#586);
#402=LINE('',#2418,#587);
#403=LINE('',#2420,#588);
#404=LINE('',#2421,#589);
#405=LINE('',#2422,#590);
#406=LINE('',#2423,#591);
#407=LINE('',#2424,#592);
#408=LINE('',#2426,#593);
#409=LINE('',#2427,#594);
#410=LINE('',#2430,#595);
#411=LINE('',#2432,#596);
#412=LINE('',#2433,#597);
#413=LINE('',#2436,#598);
#414=LINE('',#2438,#599);
#415=LINE('',#2439,#600);
#416=LINE('',#2442,#601);
#417=LINE('',#2443,#602);
#418=LINE('',#2446,#603);
#419=LINE('',#2447,#604);
#420=LINE('',#2450,#605);
#421=LINE('',#2452,#606);
#422=LINE('',#2454,#607);
#423=LINE('',#2456,#608);
#424=LINE('',#2458,#609);
#425=LINE('',#2460,#610);
#426=LINE('',#2462,#611);
#427=LINE('',#2464,#612);
#428=LINE('',#2466,#613);
#429=LINE('',#2467,#614);
#430=LINE('',#2470,#615);
#431=LINE('',#2471,#616);
#432=LINE('',#2474,#617);
#433=LINE('',#2476,#618);
#434=LINE('',#2478,#619);
#435=LINE('',#2479,#620);
#436=LINE('',#2481,#621);
#437=LINE('',#2484,#622);
#438=LINE('',#2486,#623);
#439=LINE('',#2487,#624);
#440=LINE('',#2490,#625);
#441=LINE('',#2492,#626);
#442=LINE('',#2493,#627);
#443=LINE('',#2496,#628);
#444=LINE('',#2497,#629);
#445=LINE('',#2500,#630);
#446=LINE('',#2501,#631);
#447=LINE('',#2503,#632);
#448=LINE('',#2504,#633);
#449=LINE('',#2505,#634);
#450=LINE('',#2508,#635);
#451=LINE('',#2510,#636);
#452=LINE('',#2511,#637);
#453=LINE('',#2514,#638);
#454=LINE('',#2515,#639);
#455=LINE('',#2519,#640);
#456=LINE('',#2521,#641);
#457=LINE('',#2522,#642);
#458=LINE('',#2525,#643);
#459=LINE('',#2526,#644);
#460=LINE('',#2529,#645);
#461=LINE('',#2530,#646);
#462=LINE('',#2533,#647);
#463=LINE('',#2534,#648);
#464=LINE('',#2537,#649);
#465=LINE('',#2538,#650);
#466=LINE('',#2540,#651);
#467=LINE('',#2543,#652);
#468=LINE('',#2544,#653);
#469=LINE('',#2546,#654);
#470=LINE('',#2549,#655);
#471=LINE('',#2550,#656);
#472=LINE('',#2552,#657);
#473=LINE('',#2555,#658);
#474=LINE('',#2556,#659);
#475=LINE('',#2559,#660);
#476=LINE('',#2560,#661);
#477=LINE('',#2562,#662);
#478=LINE('',#2568,#663);
#479=LINE('',#2574,#664);
#480=LINE('',#2580,#665);
#481=LINE('',#2584,#666);
#482=LINE('',#2590,#667);
#483=LINE('',#2594,#668);
#484=LINE('',#2600,#669);
#485=LINE('',#2604,#670);
#486=LINE('',#2610,#671);
#487=LINE('',#2614,#672);
#488=LINE('',#2620,#673);
#489=LINE('',#2624,#674);
#490=LINE('',#2630,#675);
#491=LINE('',#2634,#676);
#492=LINE('',#2639,#677);
#493=LINE('',#2641,#678);
#494=LINE('',#2643,#679);
#495=LINE('',#2645,#680);
#496=LINE('',#2647,#681);
#497=LINE('',#2649,#682);
#498=LINE('',#2651,#683);
#499=LINE('',#2652,#684);
#500=LINE('',#2655,#685);
#501=LINE('',#2657,#686);
#502=LINE('',#2658,#687);
#503=LINE('',#2662,#688);
#504=LINE('',#2664,#689);
#505=LINE('',#2666,#690);
#506=LINE('',#2667,#691);
#507=LINE('',#2669,#692);
#508=LINE('',#2671,#693);
#509=LINE('',#2672,#694);
#510=LINE('',#2674,#695);
#511=LINE('',#2676,#696);
#512=LINE('',#2677,#697);
#513=LINE('',#2680,#698);
#514=LINE('',#2682,#699);
#515=LINE('',#2684,#700);
#516=VECTOR('',#1811,8.6);
#517=VECTOR('',#1818,3.76);
#518=VECTOR('',#1825,3.76);
#519=VECTOR('',#1832,1.5);
#520=VECTOR('',#1839,1.5);
#521=VECTOR('',#1846,1.5);
#522=VECTOR('',#1853,1.5);
#523=VECTOR('',#1860,1.5);
#524=VECTOR('',#1867,1.5);
#525=VECTOR('',#1872,10.);
#526=VECTOR('',#1873,10.);
#527=VECTOR('',#1874,10.);
#528=VECTOR('',#1875,10.);
#529=VECTOR('',#1878,10.);
#530=VECTOR('',#1879,10.);
#531=VECTOR('',#1880,10.);
#532=VECTOR('',#1883,10.);
#533=VECTOR('',#1884,10.);
#534=VECTOR('',#1887,10.);
#535=VECTOR('',#1888,10.);
#536=VECTOR('',#1889,10.);
#537=VECTOR('',#1890,10.);
#538=VECTOR('',#1893,10.);
#539=VECTOR('',#1894,10.);
#540=VECTOR('',#1895,10.);
#541=VECTOR('',#1898,10.);
#542=VECTOR('',#1899,10.);
#543=VECTOR('',#1902,10.);
#544=VECTOR('',#1903,10.);
#545=VECTOR('',#1904,10.);
#546=VECTOR('',#1905,10.);
#547=VECTOR('',#1908,10.);
#548=VECTOR('',#1909,10.);
#549=VECTOR('',#1910,10.);
#550=VECTOR('',#1913,10.);
#551=VECTOR('',#1914,10.);
#552=VECTOR('',#1917,10.);
#553=VECTOR('',#1918,10.);
#554=VECTOR('',#1919,10.);
#555=VECTOR('',#1920,10.);
#556=VECTOR('',#1923,10.);
#557=VECTOR('',#1924,10.);
#558=VECTOR('',#1925,10.);
#559=VECTOR('',#1928,10.);
#560=VECTOR('',#1929,10.);
#561=VECTOR('',#1932,10.);
#562=VECTOR('',#1933,10.);
#563=VECTOR('',#1934,10.);
#564=VECTOR('',#1935,10.);
#565=VECTOR('',#1938,10.);
#566=VECTOR('',#1939,10.);
#567=VECTOR('',#1940,10.);
#568=VECTOR('',#1943,10.);
#569=VECTOR('',#1944,10.);
#570=VECTOR('',#1947,10.);
#571=VECTOR('',#1948,10.);
#572=VECTOR('',#1949,10.);
#573=VECTOR('',#1950,10.);
#574=VECTOR('',#1953,10.);
#575=VECTOR('',#1954,10.);
#576=VECTOR('',#1955,10.);
#577=VECTOR('',#1958,10.);
#578=VECTOR('',#1959,10.);
#579=VECTOR('',#1962,10.);
#580=VECTOR('',#1963,10.);
#581=VECTOR('',#1964,10.);
#582=VECTOR('',#1965,10.);
#583=VECTOR('',#1966,10.);
#584=VECTOR('',#1967,10.);
#585=VECTOR('',#1968,10.);
#586=VECTOR('',#1969,10.);
#587=VECTOR('',#1970,10.);
#588=VECTOR('',#1971,10.);
#589=VECTOR('',#1972,10.);
#590=VECTOR('',#1973,10.);
#591=VECTOR('',#1974,10.);
#592=VECTOR('',#1975,10.);
#593=VECTOR('',#1976,10.);
#594=VECTOR('',#1977,10.);
#595=VECTOR('',#1980,10.);
#596=VECTOR('',#1981,10.);
#597=VECTOR('',#1982,10.);
#598=VECTOR('',#1985,10.);
#599=VECTOR('',#1986,10.);
#600=VECTOR('',#1987,10.);
#601=VECTOR('',#1990,10.);
#602=VECTOR('',#1991,10.);
#603=VECTOR('',#1994,10.);
#604=VECTOR('',#1995,10.);
#605=VECTOR('',#1998,10.);
#606=VECTOR('',#1999,10.);
#607=VECTOR('',#2000,10.);
#608=VECTOR('',#2001,10.);
#609=VECTOR('',#2002,10.);
#610=VECTOR('',#2003,10.);
#611=VECTOR('',#2004,10.);
#612=VECTOR('',#2005,10.);
#613=VECTOR('',#2006,10.);
#614=VECTOR('',#2007,10.);
#615=VECTOR('',#2010,10.);
#616=VECTOR('',#2011,10.);
#617=VECTOR('',#2012,10.);
#618=VECTOR('',#2013,10.);
#619=VECTOR('',#2014,10.);
#620=VECTOR('',#2015,10.);
#621=VECTOR('',#2018,10.);
#622=VECTOR('',#2021,10.);
#623=VECTOR('',#2022,10.);
#624=VECTOR('',#2023,10.);
#625=VECTOR('',#2026,10.);
#626=VECTOR('',#2027,10.);
#627=VECTOR('',#2028,10.);
#628=VECTOR('',#2031,10.);
#629=VECTOR('',#2032,10.);
#630=VECTOR('',#2035,10.);
#631=VECTOR('',#2036,10.);
#632=VECTOR('',#2037,10.);
#633=VECTOR('',#2038,10.);
#634=VECTOR('',#2039,10.);
#635=VECTOR('',#2042,10.);
#636=VECTOR('',#2043,10.);
#637=VECTOR('',#2044,10.);
#638=VECTOR('',#2047,10.);
#639=VECTOR('',#2048,10.);
#640=VECTOR('',#2053,10.);
#641=VECTOR('',#2054,10.);
#642=VECTOR('',#2055,10.);
#643=VECTOR('',#2058,10.);
#644=VECTOR('',#2059,10.);
#645=VECTOR('',#2062,10.);
#646=VECTOR('',#2063,10.);
#647=VECTOR('',#2066,10.);
#648=VECTOR('',#2067,10.);
#649=VECTOR('',#2070,10.);
#650=VECTOR('',#2071,10.);
#651=VECTOR('',#2074,10.);
#652=VECTOR('',#2077,10.);
#653=VECTOR('',#2078,10.);
#654=VECTOR('',#2081,10.);
#655=VECTOR('',#2084,10.);
#656=VECTOR('',#2085,10.);
#657=VECTOR('',#2088,10.);
#658=VECTOR('',#2091,10.);
#659=VECTOR('',#2092,10.);
#660=VECTOR('',#2095,10.);
#661=VECTOR('',#2096,10.);
#662=VECTOR('',#2099,10.);
#663=VECTOR('',#2106,8.85);
#664=VECTOR('',#2113,2.5);
#665=VECTOR('',#2120,1.75);
#666=VECTOR('',#2125,1.5);
#667=VECTOR('',#2132,1.75);
#668=VECTOR('',#2137,1.5);
#669=VECTOR('',#2144,1.75);
#670=VECTOR('',#2149,1.5);
#671=VECTOR('',#2156,1.75);
#672=VECTOR('',#2161,1.5);
#673=VECTOR('',#2168,1.75);
#674=VECTOR('',#2173,1.5);
#675=VECTOR('',#2180,1.75);
#676=VECTOR('',#2185,1.5);
#677=VECTOR('',#2190,10.);
#678=VECTOR('',#2191,10.);
#679=VECTOR('',#2192,10.);
#680=VECTOR('',#2193,10.);
#681=VECTOR('',#2194,10.);
#682=VECTOR('',#2195,10.);
#683=VECTOR('',#2196,10.);
#684=VECTOR('',#2197,10.);
#685=VECTOR('',#2200,10.);
#686=VECTOR('',#2201,10.);
#687=VECTOR('',#2202,10.);
#688=VECTOR('',#2205,10.);
#689=VECTOR('',#2206,10.);
#690=VECTOR('',#2207,10.);
#691=VECTOR('',#2208,10.);
#692=VECTOR('',#2209,10.);
#693=VECTOR('',#2210,10.);
#694=VECTOR('',#2211,10.);
#695=VECTOR('',#2214,10.);
#696=VECTOR('',#2217,10.);
#697=VECTOR('',#2218,10.);
#698=VECTOR('',#2223,10.);
#699=VECTOR('',#2226,10.);
#700=VECTOR('',#2229,10.);
#701=CIRCLE('',#1686,8.6);
#702=CIRCLE('',#1687,8.6);
#703=CIRCLE('',#1689,3.76);
#704=CIRCLE('',#1690,3.76);
#705=CIRCLE('',#1692,3.76);
#706=CIRCLE('',#1693,3.76);
#707=CIRCLE('',#1695,1.5);
#708=CIRCLE('',#1696,1.5);
#709=CIRCLE('',#1698,1.5);
#710=CIRCLE('',#1699,1.5);
#711=CIRCLE('',#1701,1.5);
#712=CIRCLE('',#1702,1.5);
#713=CIRCLE('',#1704,1.5);
#714=CIRCLE('',#1705,1.5);
#715=CIRCLE('',#1707,1.5);
#716=CIRCLE('',#1708,1.5);
#717=CIRCLE('',#1710,1.5);
#718=CIRCLE('',#1711,1.5);
#719=CIRCLE('',#1760,8.85);
#720=CIRCLE('',#1761,8.85);
#721=CIRCLE('',#1763,2.5);
#722=CIRCLE('',#1764,2.5);
#723=CIRCLE('',#1766,2.);
#724=CIRCLE('',#1767,1.5);
#725=CIRCLE('',#1769,1.5);
#726=CIRCLE('',#1771,2.);
#727=CIRCLE('',#1772,1.5);
#728=CIRCLE('',#1774,1.5);
#729=CIRCLE('',#1776,2.);
#730=CIRCLE('',#1777,1.5);
#731=CIRCLE('',#1779,1.5);
#732=CIRCLE('',#1781,2.);
#733=CIRCLE('',#1782,1.5);
#734=CIRCLE('',#1784,1.5);
#735=CIRCLE('',#1786,2.);
#736=CIRCLE('',#1787,1.5);
#737=CIRCLE('',#1789,1.5);
#738=CIRCLE('',#1791,2.);
#739=CIRCLE('',#1792,1.5);
#740=CIRCLE('',#1794,1.5);
#741=VERTEX_POINT('',#2234);
#742=VERTEX_POINT('',#2236);
#743=VERTEX_POINT('',#2240);
#744=VERTEX_POINT('',#2242);
#745=VERTEX_POINT('',#2246);
#746=VERTEX_POINT('',#2248);
#747=VERTEX_POINT('',#2252);
#748=VERTEX_POINT('',#2254);
#749=VERTEX_POINT('',#2258);
#750=VERTEX_POINT('',#2260);
#751=VERTEX_POINT('',#2264);
#752=VERTEX_POINT('',#2266);
#753=VERTEX_POINT('',#2270);
#754=VERTEX_POINT('',#2272);
#755=VERTEX_POINT('',#2276);
#756=VERTEX_POINT('',#2278);
#757=VERTEX_POINT('',#2282);
#758=VERTEX_POINT('',#2284);
#759=VERTEX_POINT('',#2288);
#760=VERTEX_POINT('',#2289);
#761=VERTEX_POINT('',#2291);
#762=VERTEX_POINT('',#2293);
#763=VERTEX_POINT('',#2297);
#764=VERTEX_POINT('',#2299);
#765=VERTEX_POINT('',#2303);
#766=VERTEX_POINT('',#2307);
#767=VERTEX_POINT('',#2308);
#768=VERTEX_POINT('',#2310);
#769=VERTEX_POINT('',#2312);
#770=VERTEX_POINT('',#2316);
#771=VERTEX_POINT('',#2318);
#772=VERTEX_POINT('',#2322);
#773=VERTEX_POINT('',#2326);
#774=VERTEX_POINT('',#2327);
#775=VERTEX_POINT('',#2329);
#776=VERTEX_POINT('',#2331);
#777=VERTEX_POINT('',#2335);
#778=VERTEX_POINT('',#2337);
#779=VERTEX_POINT('',#2341);
#780=VERTEX_POINT('',#2345);
#781=VERTEX_POINT('',#2346);
#782=VERTEX_POINT('',#2348);
#783=VERTEX_POINT('',#2350);
#784=VERTEX_POINT('',#2354);
#785=VERTEX_POINT('',#2356);
#786=VERTEX_POINT('',#2360);
#787=VERTEX_POINT('',#2364);
#788=VERTEX_POINT('',#2365);
#789=VERTEX_POINT('',#2367);
#790=VERTEX_POINT('',#2369);
#791=VERTEX_POINT('',#2373);
#792=VERTEX_POINT('',#2375);
#793=VERTEX_POINT('',#2379);
#794=VERTEX_POINT('',#2383);
#795=VERTEX_POINT('',#2384);
#796=VERTEX_POINT('',#2386);
#797=VERTEX_POINT('',#2388);
#798=VERTEX_POINT('',#2392);
#799=VERTEX_POINT('',#2394);
#800=VERTEX_POINT('',#2398);
#801=VERTEX_POINT('',#2402);
#802=VERTEX_POINT('',#2403);
#803=VERTEX_POINT('',#2405);
#804=VERTEX_POINT('',#2407);
#805=VERTEX_POINT('',#2409);
#806=VERTEX_POINT('',#2411);
#807=VERTEX_POINT('',#2413);
#808=VERTEX_POINT('',#2415);
#809=VERTEX_POINT('',#2419);
#810=VERTEX_POINT('',#2425);
#811=VERTEX_POINT('',#2429);
#812=VERTEX_POINT('',#2431);
#813=VERTEX_POINT('',#2435);
#814=VERTEX_POINT('',#2437);
#815=VERTEX_POINT('',#2441);
#816=VERTEX_POINT('',#2445);
#817=VERTEX_POINT('',#2449);
#818=VERTEX_POINT('',#2451);
#819=VERTEX_POINT('',#2453);
#820=VERTEX_POINT('',#2455);
#821=VERTEX_POINT('',#2457);
#822=VERTEX_POINT('',#2459);
#823=VERTEX_POINT('',#2461);
#824=VERTEX_POINT('',#2463);
#825=VERTEX_POINT('',#2465);
#826=VERTEX_POINT('',#2469);
#827=VERTEX_POINT('',#2472);
#828=VERTEX_POINT('',#2473);
#829=VERTEX_POINT('',#2475);
#830=VERTEX_POINT('',#2477);
#831=VERTEX_POINT('',#2483);
#832=VERTEX_POINT('',#2485);
#833=VERTEX_POINT('',#2489);
#834=VERTEX_POINT('',#2491);
#835=VERTEX_POINT('',#2495);
#836=VERTEX_POINT('',#2499);
#837=VERTEX_POINT('',#2502);
#838=VERTEX_POINT('',#2507);
#839=VERTEX_POINT('',#2509);
#840=VERTEX_POINT('',#2513);
#841=VERTEX_POINT('',#2518);
#842=VERTEX_POINT('',#2520);
#843=VERTEX_POINT('',#2524);
#844=VERTEX_POINT('',#2528);
#845=VERTEX_POINT('',#2532);
#846=VERTEX_POINT('',#2536);
#847=VERTEX_POINT('',#2542);
#848=VERTEX_POINT('',#2548);
#849=VERTEX_POINT('',#2554);
#850=VERTEX_POINT('',#2558);
#851=VERTEX_POINT('',#2565);
#852=VERTEX_POINT('',#2567);
#853=VERTEX_POINT('',#2571);
#854=VERTEX_POINT('',#2573);
#855=VERTEX_POINT('',#2577);
#856=VERTEX_POINT('',#2579);
#857=VERTEX_POINT('',#2583);
#858=VERTEX_POINT('',#2587);
#859=VERTEX_POINT('',#2589);
#860=VERTEX_POINT('',#2593);
#861=VERTEX_POINT('',#2597);
#862=VERTEX_POINT('',#2599);
#863=VERTEX_POINT('',#2603);
#864=VERTEX_POINT('',#2607);
#865=VERTEX_POINT('',#2609);
#866=VERTEX_POINT('',#2613);
#867=VERTEX_POINT('',#2617);
#868=VERTEX_POINT('',#2619);
#869=VERTEX_POINT('',#2623);
#870=VERTEX_POINT('',#2627);
#871=VERTEX_POINT('',#2629);
#872=VERTEX_POINT('',#2633);
#873=VERTEX_POINT('',#2637);
#874=VERTEX_POINT('',#2638);
#875=VERTEX_POINT('',#2640);
#876=VERTEX_POINT('',#2642);
#877=VERTEX_POINT('',#2644);
#878=VERTEX_POINT('',#2646);
#879=VERTEX_POINT('',#2648);
#880=VERTEX_POINT('',#2650);
#881=VERTEX_POINT('',#2654);
#882=VERTEX_POINT('',#2656);
#883=VERTEX_POINT('',#2660);
#884=VERTEX_POINT('',#2661);
#885=VERTEX_POINT('',#2663);
#886=VERTEX_POINT('',#2665);
#887=VERTEX_POINT('',#2668);
#888=VERTEX_POINT('',#2670);
#889=EDGE_CURVE('',#741,#741,#701,.T.);
#890=EDGE_CURVE('',#741,#742,#331,.T.);
#891=EDGE_CURVE('',#742,#742,#702,.T.);
#892=EDGE_CURVE('',#743,#743,#703,.T.);
#893=EDGE_CURVE('',#743,#744,#332,.T.);
#894=EDGE_CURVE('',#744,#744,#704,.T.);
#895=EDGE_CURVE('',#745,#745,#705,.T.);
#896=EDGE_CURVE('',#745,#746,#333,.T.);
#897=EDGE_CURVE('',#746,#746,#706,.T.);
#898=EDGE_CURVE('',#747,#747,#707,.T.);
#899=EDGE_CURVE('',#747,#748,#334,.T.);
#900=EDGE_CURVE('',#748,#748,#708,.T.);
#901=EDGE_CURVE('',#749,#749,#709,.T.);
#902=EDGE_CURVE('',#749,#750,#335,.T.);
#903=EDGE_CURVE('',#750,#750,#710,.T.);
#904=EDGE_CURVE('',#751,#751,#711,.T.);
#905=EDGE_CURVE('',#751,#752,#336,.T.);
#906=EDGE_CURVE('',#752,#752,#712,.T.);
#907=EDGE_CURVE('',#753,#753,#713,.T.);
#908=EDGE_CURVE('',#753,#754,#337,.T.);
#909=EDGE_CURVE('',#754,#754,#714,.T.);
#910=EDGE_CURVE('',#755,#755,#715,.T.);
#911=EDGE_CURVE('',#755,#756,#338,.T.);
#912=EDGE_CURVE('',#756,#756,#716,.T.);
#913=EDGE_CURVE('',#757,#757,#717,.T.);
#914=EDGE_CURVE('',#757,#758,#339,.T.);
#915=EDGE_CURVE('',#758,#758,#718,.T.);
#916=EDGE_CURVE('',#759,#760,#340,.T.);
#917=EDGE_CURVE('',#759,#761,#341,.T.);
#918=EDGE_CURVE('',#762,#761,#342,.T.);
#919=EDGE_CURVE('',#760,#762,#343,.T.);
#920=EDGE_CURVE('',#763,#759,#344,.T.);
#921=EDGE_CURVE('',#764,#763,#345,.T.);
#922=EDGE_CURVE('',#761,#764,#346,.T.);
#923=EDGE_CURVE('',#765,#764,#347,.T.);
#924=EDGE_CURVE('',#762,#765,#348,.T.);
#925=EDGE_CURVE('',#766,#767,#349,.T.);
#926=EDGE_CURVE('',#768,#766,#350,.T.);
#927=EDGE_CURVE('',#769,#768,#351,.T.);
#928=EDGE_CURVE('',#767,#769,#352,.T.);
#929=EDGE_CURVE('',#767,#770,#353,.T.);
#930=EDGE_CURVE('',#771,#769,#354,.T.);
#931=EDGE_CURVE('',#770,#771,#355,.T.);
#932=EDGE_CURVE('',#772,#768,#356,.T.);
#933=EDGE_CURVE('',#771,#772,#357,.T.);
#934=EDGE_CURVE('',#773,#774,#358,.T.);
#935=EDGE_CURVE('',#773,#775,#359,.T.);
#936=EDGE_CURVE('',#776,#775,#360,.T.);
#937=EDGE_CURVE('',#774,#776,#361,.T.);
#938=EDGE_CURVE('',#777,#773,#362,.T.);
#939=EDGE_CURVE('',#778,#777,#363,.T.);
#940=EDGE_CURVE('',#775,#778,#364,.T.);
#941=EDGE_CURVE('',#779,#778,#365,.T.);
#942=EDGE_CURVE('',#776,#779,#366,.T.);
#943=EDGE_CURVE('',#780,#781,#367,.T.);
#944=EDGE_CURVE('',#782,#780,#368,.T.);
#945=EDGE_CURVE('',#783,#782,#369,.T.);
#946=EDGE_CURVE('',#781,#783,#370,.T.);
#947=EDGE_CURVE('',#781,#784,#371,.T.);
#948=EDGE_CURVE('',#785,#783,#372,.T.);
#949=EDGE_CURVE('',#784,#785,#373,.T.);
#950=EDGE_CURVE('',#786,#782,#374,.T.);
#951=EDGE_CURVE('',#785,#786,#375,.T.);
#952=EDGE_CURVE('',#787,#788,#376,.T.);
#953=EDGE_CURVE('',#787,#789,#377,.T.);
#954=EDGE_CURVE('',#790,#789,#378,.T.);
#955=EDGE_CURVE('',#788,#790,#379,.T.);
#956=EDGE_CURVE('',#791,#787,#380,.T.);
#957=EDGE_CURVE('',#792,#791,#381,.T.);
#958=EDGE_CURVE('',#789,#792,#382,.T.);
#959=EDGE_CURVE('',#793,#792,#383,.T.);
#960=EDGE_CURVE('',#790,#793,#384,.T.);
#961=EDGE_CURVE('',#794,#795,#385,.T.);
#962=EDGE_CURVE('',#794,#796,#386,.T.);
#963=EDGE_CURVE('',#797,#796,#387,.T.);
#964=EDGE_CURVE('',#795,#797,#388,.T.);
#965=EDGE_CURVE('',#798,#794,#389,.T.);
#966=EDGE_CURVE('',#799,#798,#390,.T.);
#967=EDGE_CURVE('',#796,#799,#391,.T.);
#968=EDGE_CURVE('',#800,#799,#392,.T.);
#969=EDGE_CURVE('',#797,#800,#393,.T.);
#970=EDGE_CURVE('',#801,#802,#394,.T.);
#971=EDGE_CURVE('',#802,#803,#395,.T.);
#972=EDGE_CURVE('',#803,#804,#396,.T.);
#973=EDGE_CURVE('',#804,#805,#397,.T.);
#974=EDGE_CURVE('',#805,#806,#398,.T.);
#975=EDGE_CURVE('',#806,#807,#399,.T.);
#976=EDGE_CURVE('',#807,#808,#400,.T.);
#977=EDGE_CURVE('',#808,#801,#401,.T.);
#978=EDGE_CURVE('',#774,#798,#402,.T.);
#979=EDGE_CURVE('',#795,#809,#403,.T.);
#980=EDGE_CURVE('',#809,#763,#404,.T.);
#981=EDGE_CURVE('',#760,#780,#405,.T.);
#982=EDGE_CURVE('',#784,#791,#406,.T.);
#983=EDGE_CURVE('',#788,#766,#407,.T.);
#984=EDGE_CURVE('',#770,#810,#408,.T.);
#985=EDGE_CURVE('',#810,#777,#409,.T.);
#986=EDGE_CURVE('',#809,#811,#410,.T.);
#987=EDGE_CURVE('',#811,#812,#411,.T.);
#988=EDGE_CURVE('',#765,#812,#412,.T.);
#989=EDGE_CURVE('',#772,#813,#413,.T.);
#990=EDGE_CURVE('',#813,#814,#414,.T.);
#991=EDGE_CURVE('',#814,#810,#415,.T.);
#992=EDGE_CURVE('',#814,#815,#416,.T.);
#993=EDGE_CURVE('',#779,#815,#417,.T.);
#994=EDGE_CURVE('',#815,#816,#418,.T.);
#995=EDGE_CURVE('',#800,#816,#419,.T.);
#996=EDGE_CURVE('',#812,#817,#420,.T.);
#997=EDGE_CURVE('',#818,#817,#421,.T.);
#998=EDGE_CURVE('',#819,#818,#422,.T.);
#999=EDGE_CURVE('',#820,#819,#423,.T.);
#1000=EDGE_CURVE('',#820,#821,#424,.T.);
#1001=EDGE_CURVE('',#822,#821,#425,.T.);
#1002=EDGE_CURVE('',#823,#822,#426,.T.);
#1003=EDGE_CURVE('',#824,#823,#427,.T.);
#1004=EDGE_CURVE('',#824,#825,#428,.T.);
#1005=EDGE_CURVE('',#786,#825,#429,.T.);
#1006=EDGE_CURVE('',#793,#826,#430,.T.);
#1007=EDGE_CURVE('',#826,#813,#431,.T.);
#1008=EDGE_CURVE('',#827,#828,#432,.T.);
#1009=EDGE_CURVE('',#829,#827,#433,.T.);
#1010=EDGE_CURVE('',#830,#829,#434,.T.);
#1011=EDGE_CURVE('',#828,#830,#435,.T.);
#1012=EDGE_CURVE('',#825,#826,#436,.T.);
#1013=EDGE_CURVE('',#831,#821,#437,.T.);
#1014=EDGE_CURVE('',#832,#831,#438,.T.);
#1015=EDGE_CURVE('',#832,#822,#439,.T.);
#1016=EDGE_CURVE('',#833,#818,#440,.T.);
#1017=EDGE_CURVE('',#834,#833,#441,.T.);
#1018=EDGE_CURVE('',#834,#819,#442,.T.);
#1019=EDGE_CURVE('',#835,#817,#443,.T.);
#1020=EDGE_CURVE('',#833,#835,#444,.T.);
#1021=EDGE_CURVE('',#836,#824,#445,.T.);
#1022=EDGE_CURVE('',#831,#836,#446,.T.);
#1023=EDGE_CURVE('',#837,#820,#447,.T.);
#1024=EDGE_CURVE('',#835,#837,#448,.T.);
#1025=EDGE_CURVE('',#811,#816,#449,.T.);
#1026=EDGE_CURVE('',#838,#829,#450,.T.);
#1027=EDGE_CURVE('',#839,#838,#451,.T.);
#1028=EDGE_CURVE('',#839,#830,#452,.T.);
#1029=EDGE_CURVE('',#840,#827,#453,.T.);
#1030=EDGE_CURVE('',#838,#840,#454,.T.);
#1031=EDGE_CURVE('',#841,#804,#455,.T.);
#1032=EDGE_CURVE('',#842,#841,#456,.T.);
#1033=EDGE_CURVE('',#805,#842,#457,.T.);
#1034=EDGE_CURVE('',#843,#842,#458,.T.);
#1035=EDGE_CURVE('',#806,#843,#459,.T.);
#1036=EDGE_CURVE('',#844,#843,#460,.T.);
#1037=EDGE_CURVE('',#807,#844,#461,.T.);
#1038=EDGE_CURVE('',#845,#803,#462,.T.);
#1039=EDGE_CURVE('',#845,#841,#463,.T.);
#1040=EDGE_CURVE('',#844,#846,#464,.T.);
#1041=EDGE_CURVE('',#846,#808,#465,.T.);
#1042=EDGE_CURVE('',#837,#834,#466,.T.);
#1043=EDGE_CURVE('',#847,#823,#467,.T.);
#1044=EDGE_CURVE('',#836,#847,#468,.T.);
#1045=EDGE_CURVE('',#847,#832,#469,.T.);
#1046=EDGE_CURVE('',#848,#828,#470,.T.);
#1047=EDGE_CURVE('',#840,#848,#471,.T.);
#1048=EDGE_CURVE('',#848,#839,#472,.T.);
#1049=EDGE_CURVE('',#846,#849,#473,.T.);
#1050=EDGE_CURVE('',#849,#801,#474,.T.);
#1051=EDGE_CURVE('',#850,#845,#475,.T.);
#1052=EDGE_CURVE('',#850,#802,#476,.T.);
#1053=EDGE_CURVE('',#849,#850,#477,.T.);
#1054=EDGE_CURVE('',#851,#851,#719,.T.);
#1055=EDGE_CURVE('',#851,#852,#478,.T.);
#1056=EDGE_CURVE('',#852,#852,#720,.T.);
#1057=EDGE_CURVE('',#853,#853,#721,.T.);
#1058=EDGE_CURVE('',#853,#854,#479,.T.);
#1059=EDGE_CURVE('',#854,#854,#722,.T.);
#1060=EDGE_CURVE('',#855,#855,#723,.T.);
#1061=EDGE_CURVE('',#855,#856,#480,.T.);
#1062=EDGE_CURVE('',#856,#856,#724,.T.);
#1063=EDGE_CURVE('',#856,#857,#481,.T.);
#1064=EDGE_CURVE('',#857,#857,#725,.T.);
#1065=EDGE_CURVE('',#858,#858,#726,.T.);
#1066=EDGE_CURVE('',#858,#859,#482,.T.);
#1067=EDGE_CURVE('',#859,#859,#727,.T.);
#1068=EDGE_CURVE('',#859,#860,#483,.T.);
#1069=EDGE_CURVE('',#860,#860,#728,.T.);
#1070=EDGE_CURVE('',#861,#861,#729,.T.);
#1071=EDGE_CURVE('',#861,#862,#484,.T.);
#1072=EDGE_CURVE('',#862,#862,#730,.T.);
#1073=EDGE_CURVE('',#862,#863,#485,.T.);
#1074=EDGE_CURVE('',#863,#863,#731,.T.);
#1075=EDGE_CURVE('',#864,#864,#732,.T.);
#1076=EDGE_CURVE('',#864,#865,#486,.T.);
#1077=EDGE_CURVE('',#865,#865,#733,.T.);
#1078=EDGE_CURVE('',#865,#866,#487,.T.);
#1079=EDGE_CURVE('',#866,#866,#734,.T.);
#1080=EDGE_CURVE('',#867,#867,#735,.T.);
#1081=EDGE_CURVE('',#867,#868,#488,.T.);
#1082=EDGE_CURVE('',#868,#868,#736,.T.);
#1083=EDGE_CURVE('',#868,#869,#489,.T.);
#1084=EDGE_CURVE('',#869,#869,#737,.T.);
#1085=EDGE_CURVE('',#870,#870,#738,.T.);
#1086=EDGE_CURVE('',#870,#871,#490,.T.);
#1087=EDGE_CURVE('',#871,#871,#739,.T.);
#1088=EDGE_CURVE('',#871,#872,#491,.T.);
#1089=EDGE_CURVE('',#872,#872,#740,.T.);
#1090=EDGE_CURVE('',#873,#874,#492,.T.);
#1091=EDGE_CURVE('',#875,#873,#493,.T.);
#1092=EDGE_CURVE('',#876,#875,#494,.T.);
#1093=EDGE_CURVE('',#877,#876,#495,.T.);
#1094=EDGE_CURVE('',#878,#877,#496,.T.);
#1095=EDGE_CURVE('',#879,#878,#497,.T.);
#1096=EDGE_CURVE('',#880,#879,#498,.T.);
#1097=EDGE_CURVE('',#874,#880,#499,.T.);
#1098=EDGE_CURVE('',#881,#875,#500,.T.);
#1099=EDGE_CURVE('',#882,#881,#501,.T.);
#1100=EDGE_CURVE('',#876,#882,#502,.T.);
#1101=EDGE_CURVE('',#883,#884,#503,.T.);
#1102=EDGE_CURVE('',#884,#885,#504,.T.);
#1103=EDGE_CURVE('',#885,#886,#505,.T.);
#1104=EDGE_CURVE('',#886,#882,#506,.T.);
#1105=EDGE_CURVE('',#881,#887,#507,.T.);
#1106=EDGE_CURVE('',#887,#888,#508,.T.);
#1107=EDGE_CURVE('',#888,#883,#509,.T.);
#1108=EDGE_CURVE('',#886,#877,#510,.T.);
#1109=EDGE_CURVE('',#888,#874,#511,.T.);
#1110=EDGE_CURVE('',#887,#873,#512,.T.);
#1111=EDGE_CURVE('',#885,#878,#513,.T.);
#1112=EDGE_CURVE('',#884,#879,#514,.T.);
#1113=EDGE_CURVE('',#883,#880,#515,.T.);
#1114=ORIENTED_EDGE('',*,*,#889,.F.);
#1115=ORIENTED_EDGE('',*,*,#890,.T.);
#1116=ORIENTED_EDGE('',*,*,#891,.F.);
#1117=ORIENTED_EDGE('',*,*,#890,.F.);
#1118=ORIENTED_EDGE('',*,*,#892,.F.);
#1119=ORIENTED_EDGE('',*,*,#893,.T.);
#1120=ORIENTED_EDGE('',*,*,#894,.F.);
#1121=ORIENTED_EDGE('',*,*,#893,.F.);
#1122=ORIENTED_EDGE('',*,*,#895,.F.);
#1123=ORIENTED_EDGE('',*,*,#896,.T.);
#1124=ORIENTED_EDGE('',*,*,#897,.F.);
#1125=ORIENTED_EDGE('',*,*,#896,.F.);
#1126=ORIENTED_EDGE('',*,*,#898,.F.);
#1127=ORIENTED_EDGE('',*,*,#899,.T.);
#1128=ORIENTED_EDGE('',*,*,#900,.F.);
#1129=ORIENTED_EDGE('',*,*,#899,.F.);
#1130=ORIENTED_EDGE('',*,*,#901,.F.);
#1131=ORIENTED_EDGE('',*,*,#902,.T.);
#1132=ORIENTED_EDGE('',*,*,#903,.F.);
#1133=ORIENTED_EDGE('',*,*,#902,.F.);
#1134=ORIENTED_EDGE('',*,*,#904,.F.);
#1135=ORIENTED_EDGE('',*,*,#905,.T.);
#1136=ORIENTED_EDGE('',*,*,#906,.F.);
#1137=ORIENTED_EDGE('',*,*,#905,.F.);
#1138=ORIENTED_EDGE('',*,*,#907,.F.);
#1139=ORIENTED_EDGE('',*,*,#908,.T.);
#1140=ORIENTED_EDGE('',*,*,#909,.F.);
#1141=ORIENTED_EDGE('',*,*,#908,.F.);
#1142=ORIENTED_EDGE('',*,*,#910,.F.);
#1143=ORIENTED_EDGE('',*,*,#911,.T.);
#1144=ORIENTED_EDGE('',*,*,#912,.F.);
#1145=ORIENTED_EDGE('',*,*,#911,.F.);
#1146=ORIENTED_EDGE('',*,*,#913,.F.);
#1147=ORIENTED_EDGE('',*,*,#914,.T.);
#1148=ORIENTED_EDGE('',*,*,#915,.F.);
#1149=ORIENTED_EDGE('',*,*,#914,.F.);
#1150=ORIENTED_EDGE('',*,*,#916,.F.);
#1151=ORIENTED_EDGE('',*,*,#917,.T.);
#1152=ORIENTED_EDGE('',*,*,#918,.F.);
#1153=ORIENTED_EDGE('',*,*,#919,.F.);
#1154=ORIENTED_EDGE('',*,*,#920,.F.);
#1155=ORIENTED_EDGE('',*,*,#921,.F.);
#1156=ORIENTED_EDGE('',*,*,#922,.F.);
#1157=ORIENTED_EDGE('',*,*,#917,.F.);
#1158=ORIENTED_EDGE('',*,*,#922,.T.);
#1159=ORIENTED_EDGE('',*,*,#923,.F.);
#1160=ORIENTED_EDGE('',*,*,#924,.F.);
#1161=ORIENTED_EDGE('',*,*,#918,.T.);
#1162=ORIENTED_EDGE('',*,*,#912,.T.);
#1163=ORIENTED_EDGE('',*,*,#925,.F.);
#1164=ORIENTED_EDGE('',*,*,#926,.F.);
#1165=ORIENTED_EDGE('',*,*,#927,.F.);
#1166=ORIENTED_EDGE('',*,*,#928,.F.);
#1167=ORIENTED_EDGE('',*,*,#929,.F.);
#1168=ORIENTED_EDGE('',*,*,#928,.T.);
#1169=ORIENTED_EDGE('',*,*,#930,.F.);
#1170=ORIENTED_EDGE('',*,*,#931,.F.);
#1171=ORIENTED_EDGE('',*,*,#932,.F.);
#1172=ORIENTED_EDGE('',*,*,#933,.F.);
#1173=ORIENTED_EDGE('',*,*,#930,.T.);
#1174=ORIENTED_EDGE('',*,*,#927,.T.);
#1175=ORIENTED_EDGE('',*,*,#915,.T.);
#1176=ORIENTED_EDGE('',*,*,#934,.F.);
#1177=ORIENTED_EDGE('',*,*,#935,.T.);
#1178=ORIENTED_EDGE('',*,*,#936,.F.);
#1179=ORIENTED_EDGE('',*,*,#937,.F.);
#1180=ORIENTED_EDGE('',*,*,#938,.F.);
#1181=ORIENTED_EDGE('',*,*,#939,.F.);
#1182=ORIENTED_EDGE('',*,*,#940,.F.);
#1183=ORIENTED_EDGE('',*,*,#935,.F.);
#1184=ORIENTED_EDGE('',*,*,#940,.T.);
#1185=ORIENTED_EDGE('',*,*,#941,.F.);
#1186=ORIENTED_EDGE('',*,*,#942,.F.);
#1187=ORIENTED_EDGE('',*,*,#936,.T.);
#1188=ORIENTED_EDGE('',*,*,#903,.T.);
#1189=ORIENTED_EDGE('',*,*,#943,.F.);
#1190=ORIENTED_EDGE('',*,*,#944,.F.);
#1191=ORIENTED_EDGE('',*,*,#945,.F.);
#1192=ORIENTED_EDGE('',*,*,#946,.F.);
#1193=ORIENTED_EDGE('',*,*,#947,.F.);
#1194=ORIENTED_EDGE('',*,*,#946,.T.);
#1195=ORIENTED_EDGE('',*,*,#948,.F.);
#1196=ORIENTED_EDGE('',*,*,#949,.F.);
#1197=ORIENTED_EDGE('',*,*,#950,.F.);
#1198=ORIENTED_EDGE('',*,*,#951,.F.);
#1199=ORIENTED_EDGE('',*,*,#948,.T.);
#1200=ORIENTED_EDGE('',*,*,#945,.T.);
#1201=ORIENTED_EDGE('',*,*,#909,.T.);
#1202=ORIENTED_EDGE('',*,*,#952,.F.);
#1203=ORIENTED_EDGE('',*,*,#953,.T.);
#1204=ORIENTED_EDGE('',*,*,#954,.F.);
#1205=ORIENTED_EDGE('',*,*,#955,.F.);
#1206=ORIENTED_EDGE('',*,*,#956,.F.);
#1207=ORIENTED_EDGE('',*,*,#957,.F.);
#1208=ORIENTED_EDGE('',*,*,#958,.F.);
#1209=ORIENTED_EDGE('',*,*,#953,.F.);
#1210=ORIENTED_EDGE('',*,*,#958,.T.);
#1211=ORIENTED_EDGE('',*,*,#959,.F.);
#1212=ORIENTED_EDGE('',*,*,#960,.F.);
#1213=ORIENTED_EDGE('',*,*,#954,.T.);
#1214=ORIENTED_EDGE('',*,*,#906,.T.);
#1215=ORIENTED_EDGE('',*,*,#961,.F.);
#1216=ORIENTED_EDGE('',*,*,#962,.T.);
#1217=ORIENTED_EDGE('',*,*,#963,.F.);
#1218=ORIENTED_EDGE('',*,*,#964,.F.);
#1219=ORIENTED_EDGE('',*,*,#965,.F.);
#1220=ORIENTED_EDGE('',*,*,#966,.F.);
#1221=ORIENTED_EDGE('',*,*,#967,.F.);
#1222=ORIENTED_EDGE('',*,*,#962,.F.);
#1223=ORIENTED_EDGE('',*,*,#967,.T.);
#1224=ORIENTED_EDGE('',*,*,#968,.F.);
#1225=ORIENTED_EDGE('',*,*,#969,.F.);
#1226=ORIENTED_EDGE('',*,*,#963,.T.);
#1227=ORIENTED_EDGE('',*,*,#900,.T.);
#1228=ORIENTED_EDGE('',*,*,#970,.T.);
#1229=ORIENTED_EDGE('',*,*,#971,.T.);
#1230=ORIENTED_EDGE('',*,*,#972,.T.);
#1231=ORIENTED_EDGE('',*,*,#973,.T.);
#1232=ORIENTED_EDGE('',*,*,#974,.T.);
#1233=ORIENTED_EDGE('',*,*,#975,.T.);
#1234=ORIENTED_EDGE('',*,*,#976,.T.);
#1235=ORIENTED_EDGE('',*,*,#977,.T.);
#1236=ORIENTED_EDGE('',*,*,#898,.T.);
#1237=ORIENTED_EDGE('',*,*,#901,.T.);
#1238=ORIENTED_EDGE('',*,*,#904,.T.);
#1239=ORIENTED_EDGE('',*,*,#907,.T.);
#1240=ORIENTED_EDGE('',*,*,#910,.T.);
#1241=ORIENTED_EDGE('',*,*,#913,.T.);
#1242=ORIENTED_EDGE('',*,*,#978,.T.);
#1243=ORIENTED_EDGE('',*,*,#965,.T.);
#1244=ORIENTED_EDGE('',*,*,#961,.T.);
#1245=ORIENTED_EDGE('',*,*,#979,.T.);
#1246=ORIENTED_EDGE('',*,*,#980,.T.);
#1247=ORIENTED_EDGE('',*,*,#920,.T.);
#1248=ORIENTED_EDGE('',*,*,#916,.T.);
#1249=ORIENTED_EDGE('',*,*,#981,.T.);
#1250=ORIENTED_EDGE('',*,*,#943,.T.);
#1251=ORIENTED_EDGE('',*,*,#947,.T.);
#1252=ORIENTED_EDGE('',*,*,#982,.T.);
#1253=ORIENTED_EDGE('',*,*,#956,.T.);
#1254=ORIENTED_EDGE('',*,*,#952,.T.);
#1255=ORIENTED_EDGE('',*,*,#983,.T.);
#1256=ORIENTED_EDGE('',*,*,#925,.T.);
#1257=ORIENTED_EDGE('',*,*,#929,.T.);
#1258=ORIENTED_EDGE('',*,*,#984,.T.);
#1259=ORIENTED_EDGE('',*,*,#985,.T.);
#1260=ORIENTED_EDGE('',*,*,#938,.T.);
#1261=ORIENTED_EDGE('',*,*,#934,.T.);
#1262=ORIENTED_EDGE('',*,*,#921,.T.);
#1263=ORIENTED_EDGE('',*,*,#980,.F.);
#1264=ORIENTED_EDGE('',*,*,#986,.T.);
#1265=ORIENTED_EDGE('',*,*,#987,.T.);
#1266=ORIENTED_EDGE('',*,*,#988,.F.);
#1267=ORIENTED_EDGE('',*,*,#923,.T.);
#1268=ORIENTED_EDGE('',*,*,#933,.T.);
#1269=ORIENTED_EDGE('',*,*,#989,.T.);
#1270=ORIENTED_EDGE('',*,*,#990,.T.);
#1271=ORIENTED_EDGE('',*,*,#991,.T.);
#1272=ORIENTED_EDGE('',*,*,#984,.F.);
#1273=ORIENTED_EDGE('',*,*,#931,.T.);
#1274=ORIENTED_EDGE('',*,*,#939,.T.);
#1275=ORIENTED_EDGE('',*,*,#985,.F.);
#1276=ORIENTED_EDGE('',*,*,#991,.F.);
#1277=ORIENTED_EDGE('',*,*,#992,.T.);
#1278=ORIENTED_EDGE('',*,*,#993,.F.);
#1279=ORIENTED_EDGE('',*,*,#941,.T.);
#1280=ORIENTED_EDGE('',*,*,#942,.T.);
#1281=ORIENTED_EDGE('',*,*,#993,.T.);
#1282=ORIENTED_EDGE('',*,*,#994,.T.);
#1283=ORIENTED_EDGE('',*,*,#995,.F.);
#1284=ORIENTED_EDGE('',*,*,#968,.T.);
#1285=ORIENTED_EDGE('',*,*,#966,.T.);
#1286=ORIENTED_EDGE('',*,*,#978,.F.);
#1287=ORIENTED_EDGE('',*,*,#937,.T.);
#1288=ORIENTED_EDGE('',*,*,#891,.T.);
#1289=ORIENTED_EDGE('',*,*,#924,.T.);
#1290=ORIENTED_EDGE('',*,*,#988,.T.);
#1291=ORIENTED_EDGE('',*,*,#996,.T.);
#1292=ORIENTED_EDGE('',*,*,#997,.F.);
#1293=ORIENTED_EDGE('',*,*,#998,.F.);
#1294=ORIENTED_EDGE('',*,*,#999,.F.);
#1295=ORIENTED_EDGE('',*,*,#1000,.T.);
#1296=ORIENTED_EDGE('',*,*,#1001,.F.);
#1297=ORIENTED_EDGE('',*,*,#1002,.F.);
#1298=ORIENTED_EDGE('',*,*,#1003,.F.);
#1299=ORIENTED_EDGE('',*,*,#1004,.T.);
#1300=ORIENTED_EDGE('',*,*,#1005,.F.);
#1301=ORIENTED_EDGE('',*,*,#950,.T.);
#1302=ORIENTED_EDGE('',*,*,#944,.T.);
#1303=ORIENTED_EDGE('',*,*,#981,.F.);
#1304=ORIENTED_EDGE('',*,*,#919,.T.);
#1305=ORIENTED_EDGE('',*,*,#892,.T.);
#1306=ORIENTED_EDGE('',*,*,#926,.T.);
#1307=ORIENTED_EDGE('',*,*,#983,.F.);
#1308=ORIENTED_EDGE('',*,*,#955,.T.);
#1309=ORIENTED_EDGE('',*,*,#960,.T.);
#1310=ORIENTED_EDGE('',*,*,#1006,.T.);
#1311=ORIENTED_EDGE('',*,*,#1007,.T.);
#1312=ORIENTED_EDGE('',*,*,#989,.F.);
#1313=ORIENTED_EDGE('',*,*,#932,.T.);
#1314=ORIENTED_EDGE('',*,*,#1008,.F.);
#1315=ORIENTED_EDGE('',*,*,#1009,.F.);
#1316=ORIENTED_EDGE('',*,*,#1010,.F.);
#1317=ORIENTED_EDGE('',*,*,#1011,.F.);
#1318=ORIENTED_EDGE('',*,*,#951,.T.);
#1319=ORIENTED_EDGE('',*,*,#1005,.T.);
#1320=ORIENTED_EDGE('',*,*,#1012,.T.);
#1321=ORIENTED_EDGE('',*,*,#1006,.F.);
#1322=ORIENTED_EDGE('',*,*,#959,.T.);
#1323=ORIENTED_EDGE('',*,*,#957,.T.);
#1324=ORIENTED_EDGE('',*,*,#982,.F.);
#1325=ORIENTED_EDGE('',*,*,#949,.T.);
#1326=ORIENTED_EDGE('',*,*,#1001,.T.);
#1327=ORIENTED_EDGE('',*,*,#1013,.F.);
#1328=ORIENTED_EDGE('',*,*,#1014,.F.);
#1329=ORIENTED_EDGE('',*,*,#1015,.T.);
#1330=ORIENTED_EDGE('',*,*,#998,.T.);
#1331=ORIENTED_EDGE('',*,*,#1016,.F.);
#1332=ORIENTED_EDGE('',*,*,#1017,.F.);
#1333=ORIENTED_EDGE('',*,*,#1018,.T.);
#1334=ORIENTED_EDGE('',*,*,#997,.T.);
#1335=ORIENTED_EDGE('',*,*,#1019,.F.);
#1336=ORIENTED_EDGE('',*,*,#1020,.F.);
#1337=ORIENTED_EDGE('',*,*,#1016,.T.);
#1338=ORIENTED_EDGE('',*,*,#990,.F.);
#1339=ORIENTED_EDGE('',*,*,#1007,.F.);
#1340=ORIENTED_EDGE('',*,*,#1012,.F.);
#1341=ORIENTED_EDGE('',*,*,#1004,.F.);
#1342=ORIENTED_EDGE('',*,*,#1021,.F.);
#1343=ORIENTED_EDGE('',*,*,#1022,.F.);
#1344=ORIENTED_EDGE('',*,*,#1013,.T.);
#1345=ORIENTED_EDGE('',*,*,#1000,.F.);
#1346=ORIENTED_EDGE('',*,*,#1023,.F.);
#1347=ORIENTED_EDGE('',*,*,#1024,.F.);
#1348=ORIENTED_EDGE('',*,*,#1019,.T.);
#1349=ORIENTED_EDGE('',*,*,#996,.F.);
#1350=ORIENTED_EDGE('',*,*,#987,.F.);
#1351=ORIENTED_EDGE('',*,*,#1025,.T.);
#1352=ORIENTED_EDGE('',*,*,#994,.F.);
#1353=ORIENTED_EDGE('',*,*,#992,.F.);
#1354=ORIENTED_EDGE('',*,*,#895,.T.);
#1355=ORIENTED_EDGE('',*,*,#1010,.T.);
#1356=ORIENTED_EDGE('',*,*,#1026,.F.);
#1357=ORIENTED_EDGE('',*,*,#1027,.F.);
#1358=ORIENTED_EDGE('',*,*,#1028,.T.);
#1359=ORIENTED_EDGE('',*,*,#1009,.T.);
#1360=ORIENTED_EDGE('',*,*,#1029,.F.);
#1361=ORIENTED_EDGE('',*,*,#1030,.F.);
#1362=ORIENTED_EDGE('',*,*,#1026,.T.);
#1363=ORIENTED_EDGE('',*,*,#969,.T.);
#1364=ORIENTED_EDGE('',*,*,#995,.T.);
#1365=ORIENTED_EDGE('',*,*,#1025,.F.);
#1366=ORIENTED_EDGE('',*,*,#986,.F.);
#1367=ORIENTED_EDGE('',*,*,#979,.F.);
#1368=ORIENTED_EDGE('',*,*,#964,.T.);
#1369=ORIENTED_EDGE('',*,*,#973,.F.);
#1370=ORIENTED_EDGE('',*,*,#1031,.F.);
#1371=ORIENTED_EDGE('',*,*,#1032,.F.);
#1372=ORIENTED_EDGE('',*,*,#1033,.F.);
#1373=ORIENTED_EDGE('',*,*,#974,.F.);
#1374=ORIENTED_EDGE('',*,*,#1033,.T.);
#1375=ORIENTED_EDGE('',*,*,#1034,.F.);
#1376=ORIENTED_EDGE('',*,*,#1035,.F.);
#1377=ORIENTED_EDGE('',*,*,#889,.T.);
#1378=ORIENTED_EDGE('',*,*,#975,.F.);
#1379=ORIENTED_EDGE('',*,*,#1035,.T.);
#1380=ORIENTED_EDGE('',*,*,#1036,.F.);
#1381=ORIENTED_EDGE('',*,*,#1037,.F.);
#1382=ORIENTED_EDGE('',*,*,#1031,.T.);
#1383=ORIENTED_EDGE('',*,*,#972,.F.);
#1384=ORIENTED_EDGE('',*,*,#1038,.F.);
#1385=ORIENTED_EDGE('',*,*,#1039,.T.);
#1386=ORIENTED_EDGE('',*,*,#1037,.T.);
#1387=ORIENTED_EDGE('',*,*,#1040,.T.);
#1388=ORIENTED_EDGE('',*,*,#1041,.T.);
#1389=ORIENTED_EDGE('',*,*,#976,.F.);
#1390=ORIENTED_EDGE('',*,*,#999,.T.);
#1391=ORIENTED_EDGE('',*,*,#1018,.F.);
#1392=ORIENTED_EDGE('',*,*,#1042,.F.);
#1393=ORIENTED_EDGE('',*,*,#1023,.T.);
#1394=ORIENTED_EDGE('',*,*,#1003,.T.);
#1395=ORIENTED_EDGE('',*,*,#1043,.F.);
#1396=ORIENTED_EDGE('',*,*,#1044,.F.);
#1397=ORIENTED_EDGE('',*,*,#1021,.T.);
#1398=ORIENTED_EDGE('',*,*,#1002,.T.);
#1399=ORIENTED_EDGE('',*,*,#1015,.F.);
#1400=ORIENTED_EDGE('',*,*,#1045,.F.);
#1401=ORIENTED_EDGE('',*,*,#1043,.T.);
#1402=ORIENTED_EDGE('',*,*,#1008,.T.);
#1403=ORIENTED_EDGE('',*,*,#1046,.F.);
#1404=ORIENTED_EDGE('',*,*,#1047,.F.);
#1405=ORIENTED_EDGE('',*,*,#1029,.T.);
#1406=ORIENTED_EDGE('',*,*,#1011,.T.);
#1407=ORIENTED_EDGE('',*,*,#1028,.F.);
#1408=ORIENTED_EDGE('',*,*,#1048,.F.);
#1409=ORIENTED_EDGE('',*,*,#1046,.T.);
#1410=ORIENTED_EDGE('',*,*,#1049,.T.);
#1411=ORIENTED_EDGE('',*,*,#1050,.T.);
#1412=ORIENTED_EDGE('',*,*,#977,.F.);
#1413=ORIENTED_EDGE('',*,*,#1041,.F.);
#1414=ORIENTED_EDGE('',*,*,#1027,.T.);
#1415=ORIENTED_EDGE('',*,*,#1030,.T.);
#1416=ORIENTED_EDGE('',*,*,#1047,.T.);
#1417=ORIENTED_EDGE('',*,*,#1048,.T.);
#1418=ORIENTED_EDGE('',*,*,#1051,.T.);
#1419=ORIENTED_EDGE('',*,*,#1038,.T.);
#1420=ORIENTED_EDGE('',*,*,#971,.F.);
#1421=ORIENTED_EDGE('',*,*,#1052,.F.);
#1422=ORIENTED_EDGE('',*,*,#894,.T.);
#1423=ORIENTED_EDGE('',*,*,#1024,.T.);
#1424=ORIENTED_EDGE('',*,*,#1042,.T.);
#1425=ORIENTED_EDGE('',*,*,#1017,.T.);
#1426=ORIENTED_EDGE('',*,*,#1020,.T.);
#1427=ORIENTED_EDGE('',*,*,#1022,.T.);
#1428=ORIENTED_EDGE('',*,*,#1044,.T.);
#1429=ORIENTED_EDGE('',*,*,#1045,.T.);
#1430=ORIENTED_EDGE('',*,*,#1014,.T.);
#1431=ORIENTED_EDGE('',*,*,#1053,.T.);
#1432=ORIENTED_EDGE('',*,*,#1052,.T.);
#1433=ORIENTED_EDGE('',*,*,#970,.F.);
#1434=ORIENTED_EDGE('',*,*,#1050,.F.);
#1435=ORIENTED_EDGE('',*,*,#1053,.F.);
#1436=ORIENTED_EDGE('',*,*,#1049,.F.);
#1437=ORIENTED_EDGE('',*,*,#1040,.F.);
#1438=ORIENTED_EDGE('',*,*,#1036,.T.);
#1439=ORIENTED_EDGE('',*,*,#1034,.T.);
#1440=ORIENTED_EDGE('',*,*,#1032,.T.);
#1441=ORIENTED_EDGE('',*,*,#1039,.F.);
#1442=ORIENTED_EDGE('',*,*,#1051,.F.);
#1443=ORIENTED_EDGE('',*,*,#897,.T.);
#1444=ORIENTED_EDGE('',*,*,#1054,.F.);
#1445=ORIENTED_EDGE('',*,*,#1055,.T.);
#1446=ORIENTED_EDGE('',*,*,#1056,.F.);
#1447=ORIENTED_EDGE('',*,*,#1055,.F.);
#1448=ORIENTED_EDGE('',*,*,#1057,.F.);
#1449=ORIENTED_EDGE('',*,*,#1058,.T.);
#1450=ORIENTED_EDGE('',*,*,#1059,.F.);
#1451=ORIENTED_EDGE('',*,*,#1058,.F.);
#1452=ORIENTED_EDGE('',*,*,#1060,.F.);
#1453=ORIENTED_EDGE('',*,*,#1061,.T.);
#1454=ORIENTED_EDGE('',*,*,#1062,.F.);
#1455=ORIENTED_EDGE('',*,*,#1061,.F.);
#1456=ORIENTED_EDGE('',*,*,#1062,.T.);
#1457=ORIENTED_EDGE('',*,*,#1063,.T.);
#1458=ORIENTED_EDGE('',*,*,#1064,.F.);
#1459=ORIENTED_EDGE('',*,*,#1063,.F.);
#1460=ORIENTED_EDGE('',*,*,#1065,.F.);
#1461=ORIENTED_EDGE('',*,*,#1066,.T.);
#1462=ORIENTED_EDGE('',*,*,#1067,.F.);
#1463=ORIENTED_EDGE('',*,*,#1066,.F.);
#1464=ORIENTED_EDGE('',*,*,#1067,.T.);
#1465=ORIENTED_EDGE('',*,*,#1068,.T.);
#1466=ORIENTED_EDGE('',*,*,#1069,.F.);
#1467=ORIENTED_EDGE('',*,*,#1068,.F.);
#1468=ORIENTED_EDGE('',*,*,#1070,.F.);
#1469=ORIENTED_EDGE('',*,*,#1071,.T.);
#1470=ORIENTED_EDGE('',*,*,#1072,.F.);
#1471=ORIENTED_EDGE('',*,*,#1071,.F.);
#1472=ORIENTED_EDGE('',*,*,#1072,.T.);
#1473=ORIENTED_EDGE('',*,*,#1073,.T.);
#1474=ORIENTED_EDGE('',*,*,#1074,.F.);
#1475=ORIENTED_EDGE('',*,*,#1073,.F.);
#1476=ORIENTED_EDGE('',*,*,#1075,.F.);
#1477=ORIENTED_EDGE('',*,*,#1076,.T.);
#1478=ORIENTED_EDGE('',*,*,#1077,.F.);
#1479=ORIENTED_EDGE('',*,*,#1076,.F.);
#1480=ORIENTED_EDGE('',*,*,#1077,.T.);
#1481=ORIENTED_EDGE('',*,*,#1078,.T.);
#1482=ORIENTED_EDGE('',*,*,#1079,.F.);
#1483=ORIENTED_EDGE('',*,*,#1078,.F.);
#1484=ORIENTED_EDGE('',*,*,#1080,.F.);
#1485=ORIENTED_EDGE('',*,*,#1081,.T.);
#1486=ORIENTED_EDGE('',*,*,#1082,.F.);
#1487=ORIENTED_EDGE('',*,*,#1081,.F.);
#1488=ORIENTED_EDGE('',*,*,#1082,.T.);
#1489=ORIENTED_EDGE('',*,*,#1083,.T.);
#1490=ORIENTED_EDGE('',*,*,#1084,.F.);
#1491=ORIENTED_EDGE('',*,*,#1083,.F.);
#1492=ORIENTED_EDGE('',*,*,#1085,.F.);
#1493=ORIENTED_EDGE('',*,*,#1086,.T.);
#1494=ORIENTED_EDGE('',*,*,#1087,.F.);
#1495=ORIENTED_EDGE('',*,*,#1086,.F.);
#1496=ORIENTED_EDGE('',*,*,#1087,.T.);
#1497=ORIENTED_EDGE('',*,*,#1088,.T.);
#1498=ORIENTED_EDGE('',*,*,#1089,.F.);
#1499=ORIENTED_EDGE('',*,*,#1088,.F.);
#1500=ORIENTED_EDGE('',*,*,#1090,.F.);
#1501=ORIENTED_EDGE('',*,*,#1091,.F.);
#1502=ORIENTED_EDGE('',*,*,#1092,.F.);
#1503=ORIENTED_EDGE('',*,*,#1093,.F.);
#1504=ORIENTED_EDGE('',*,*,#1094,.F.);
#1505=ORIENTED_EDGE('',*,*,#1095,.F.);
#1506=ORIENTED_EDGE('',*,*,#1096,.F.);
#1507=ORIENTED_EDGE('',*,*,#1097,.F.);
#1508=ORIENTED_EDGE('',*,*,#1056,.T.);
#1509=ORIENTED_EDGE('',*,*,#1059,.T.);
#1510=ORIENTED_EDGE('',*,*,#1064,.T.);
#1511=ORIENTED_EDGE('',*,*,#1069,.T.);
#1512=ORIENTED_EDGE('',*,*,#1074,.T.);
#1513=ORIENTED_EDGE('',*,*,#1079,.T.);
#1514=ORIENTED_EDGE('',*,*,#1084,.T.);
#1515=ORIENTED_EDGE('',*,*,#1089,.T.);
#1516=ORIENTED_EDGE('',*,*,#1092,.T.);
#1517=ORIENTED_EDGE('',*,*,#1098,.F.);
#1518=ORIENTED_EDGE('',*,*,#1099,.F.);
#1519=ORIENTED_EDGE('',*,*,#1100,.F.);
#1520=ORIENTED_EDGE('',*,*,#1101,.T.);
#1521=ORIENTED_EDGE('',*,*,#1102,.T.);
#1522=ORIENTED_EDGE('',*,*,#1103,.T.);
#1523=ORIENTED_EDGE('',*,*,#1104,.T.);
#1524=ORIENTED_EDGE('',*,*,#1099,.T.);
#1525=ORIENTED_EDGE('',*,*,#1105,.T.);
#1526=ORIENTED_EDGE('',*,*,#1106,.T.);
#1527=ORIENTED_EDGE('',*,*,#1107,.T.);
#1528=ORIENTED_EDGE('',*,*,#1054,.T.);
#1529=ORIENTED_EDGE('',*,*,#1057,.T.);
#1530=ORIENTED_EDGE('',*,*,#1060,.T.);
#1531=ORIENTED_EDGE('',*,*,#1065,.T.);
#1532=ORIENTED_EDGE('',*,*,#1070,.T.);
#1533=ORIENTED_EDGE('',*,*,#1075,.T.);
#1534=ORIENTED_EDGE('',*,*,#1080,.T.);
#1535=ORIENTED_EDGE('',*,*,#1085,.T.);
#1536=ORIENTED_EDGE('',*,*,#1093,.T.);
#1537=ORIENTED_EDGE('',*,*,#1100,.T.);
#1538=ORIENTED_EDGE('',*,*,#1104,.F.);
#1539=ORIENTED_EDGE('',*,*,#1108,.T.);
#1540=ORIENTED_EDGE('',*,*,#1090,.T.);
#1541=ORIENTED_EDGE('',*,*,#1109,.F.);
#1542=ORIENTED_EDGE('',*,*,#1106,.F.);
#1543=ORIENTED_EDGE('',*,*,#1110,.T.);
#1544=ORIENTED_EDGE('',*,*,#1091,.T.);
#1545=ORIENTED_EDGE('',*,*,#1110,.F.);
#1546=ORIENTED_EDGE('',*,*,#1105,.F.);
#1547=ORIENTED_EDGE('',*,*,#1098,.T.);
#1548=ORIENTED_EDGE('',*,*,#1094,.T.);
#1549=ORIENTED_EDGE('',*,*,#1108,.F.);
#1550=ORIENTED_EDGE('',*,*,#1103,.F.);
#1551=ORIENTED_EDGE('',*,*,#1111,.T.);
#1552=ORIENTED_EDGE('',*,*,#1095,.T.);
#1553=ORIENTED_EDGE('',*,*,#1111,.F.);
#1554=ORIENTED_EDGE('',*,*,#1102,.F.);
#1555=ORIENTED_EDGE('',*,*,#1112,.T.);
#1556=ORIENTED_EDGE('',*,*,#1096,.T.);
#1557=ORIENTED_EDGE('',*,*,#1112,.F.);
#1558=ORIENTED_EDGE('',*,*,#1101,.F.);
#1559=ORIENTED_EDGE('',*,*,#1113,.T.);
#1560=ORIENTED_EDGE('',*,*,#1097,.T.);
#1561=ORIENTED_EDGE('',*,*,#1113,.F.);
#1562=ORIENTED_EDGE('',*,*,#1107,.F.);
#1563=ORIENTED_EDGE('',*,*,#1109,.T.);
#1564=CYLINDRICAL_SURFACE('',#1685,8.6);
#1565=CYLINDRICAL_SURFACE('',#1688,3.76);
#1566=CYLINDRICAL_SURFACE('',#1691,3.76);
#1567=CYLINDRICAL_SURFACE('',#1694,1.5);
#1568=CYLINDRICAL_SURFACE('',#1697,1.5);
#1569=CYLINDRICAL_SURFACE('',#1700,1.5);
#1570=CYLINDRICAL_SURFACE('',#1703,1.5);
#1571=CYLINDRICAL_SURFACE('',#1706,1.5);
#1572=CYLINDRICAL_SURFACE('',#1709,1.5);
#1573=CYLINDRICAL_SURFACE('',#1759,8.85);
#1574=CYLINDRICAL_SURFACE('',#1762,2.5);
#1575=CYLINDRICAL_SURFACE('',#1768,1.5);
#1576=CYLINDRICAL_SURFACE('',#1773,1.5);
#1577=CYLINDRICAL_SURFACE('',#1778,1.5);
#1578=CYLINDRICAL_SURFACE('',#1783,1.5);
#1579=CYLINDRICAL_SURFACE('',#1788,1.5);
#1580=CYLINDRICAL_SURFACE('',#1793,1.5);
#1581=ADVANCED_FACE('',(#132),#1564,.F.);
#1582=ADVANCED_FACE('',(#133),#1565,.F.);
#1583=ADVANCED_FACE('',(#134),#1566,.F.);
#1584=ADVANCED_FACE('',(#135),#1567,.F.);
#1585=ADVANCED_FACE('',(#136),#1568,.F.);
#1586=ADVANCED_FACE('',(#137),#1569,.F.);
#1587=ADVANCED_FACE('',(#138),#1570,.F.);
#1588=ADVANCED_FACE('',(#139),#1571,.F.);
#1589=ADVANCED_FACE('',(#140),#1572,.F.);
#1590=ADVANCED_FACE('',(#141),#75,.T.);
#1591=ADVANCED_FACE('',(#142),#76,.T.);
#1592=ADVANCED_FACE('',(#143,#36),#77,.T.);
#1593=ADVANCED_FACE('',(#144),#78,.T.);
#1594=ADVANCED_FACE('',(#145),#79,.T.);
#1595=ADVANCED_FACE('',(#146,#37),#80,.T.);
#1596=ADVANCED_FACE('',(#147),#81,.T.);
#1597=ADVANCED_FACE('',(#148),#82,.T.);
#1598=ADVANCED_FACE('',(#149,#38),#83,.T.);
#1599=ADVANCED_FACE('',(#150),#84,.T.);
#1600=ADVANCED_FACE('',(#151),#85,.T.);
#1601=ADVANCED_FACE('',(#152,#39),#86,.T.);
#1602=ADVANCED_FACE('',(#153),#87,.T.);
#1603=ADVANCED_FACE('',(#154),#88,.T.);
#1604=ADVANCED_FACE('',(#155,#40),#89,.T.);
#1605=ADVANCED_FACE('',(#156),#90,.T.);
#1606=ADVANCED_FACE('',(#157),#91,.T.);
#1607=ADVANCED_FACE('',(#158,#41),#92,.T.);
#1608=ADVANCED_FACE('',(#159,#42,#43,#44,#45,#46,#47,#48),#93,.T.);
#1609=ADVANCED_FACE('',(#160),#94,.F.);
#1610=ADVANCED_FACE('',(#161),#95,.F.);
#1611=ADVANCED_FACE('',(#162),#96,.F.);
#1612=ADVANCED_FACE('',(#163,#49),#97,.F.);
#1613=ADVANCED_FACE('',(#164,#50),#98,.F.);
#1614=ADVANCED_FACE('',(#165,#51),#99,.F.);
#1615=ADVANCED_FACE('',(#166),#100,.F.);
#1616=ADVANCED_FACE('',(#167),#101,.F.);
#1617=ADVANCED_FACE('',(#168),#102,.F.);
#1618=ADVANCED_FACE('',(#169),#103,.F.);
#1619=ADVANCED_FACE('',(#170,#52),#104,.F.);
#1620=ADVANCED_FACE('',(#171),#105,.F.);
#1621=ADVANCED_FACE('',(#172),#106,.F.);
#1622=ADVANCED_FACE('',(#173),#107,.F.);
#1623=ADVANCED_FACE('',(#174),#108,.T.);
#1624=ADVANCED_FACE('',(#175,#53),#109,.T.);
#1625=ADVANCED_FACE('',(#176),#110,.T.);
#1626=ADVANCED_FACE('',(#177),#111,.T.);
#1627=ADVANCED_FACE('',(#178),#112,.T.);
#1628=ADVANCED_FACE('',(#179),#113,.F.);
#1629=ADVANCED_FACE('',(#180),#114,.F.);
#1630=ADVANCED_FACE('',(#181),#115,.F.);
#1631=ADVANCED_FACE('',(#182),#116,.F.);
#1632=ADVANCED_FACE('',(#183),#117,.F.);
#1633=ADVANCED_FACE('',(#184,#54),#118,.T.);
#1634=ADVANCED_FACE('',(#185,#55,#56,#57),#119,.T.);
#1635=ADVANCED_FACE('',(#186),#120,.T.);
#1636=ADVANCED_FACE('',(#187,#58),#121,.F.);
#1637=ADVANCED_FACE('',(#188),#1573,.F.);
#1638=ADVANCED_FACE('',(#189),#1574,.F.);
#1639=ADVANCED_FACE('',(#190),#26,.F.);
#1640=ADVANCED_FACE('',(#191),#1575,.F.);
#1641=ADVANCED_FACE('',(#192),#27,.F.);
#1642=ADVANCED_FACE('',(#193),#1576,.F.);
#1643=ADVANCED_FACE('',(#194),#28,.F.);
#1644=ADVANCED_FACE('',(#195),#1577,.F.);
#1645=ADVANCED_FACE('',(#196),#29,.F.);
#1646=ADVANCED_FACE('',(#197),#1578,.F.);
#1647=ADVANCED_FACE('',(#198),#30,.F.);
#1648=ADVANCED_FACE('',(#199),#1579,.F.);
#1649=ADVANCED_FACE('',(#200),#31,.F.);
#1650=ADVANCED_FACE('',(#201),#1580,.F.);
#1651=ADVANCED_FACE('',(#202,#59,#60,#61,#62,#63,#64,#65,#66),#122,.F.);
#1652=ADVANCED_FACE('',(#203),#123,.T.);
#1653=ADVANCED_FACE('',(#204,#67,#68,#69,#70,#71,#72,#73,#74),#124,.T.);
#1654=ADVANCED_FACE('',(#205),#125,.T.);
#1655=ADVANCED_FACE('',(#206),#126,.T.);
#1656=ADVANCED_FACE('',(#207),#127,.T.);
#1657=ADVANCED_FACE('',(#208),#128,.T.);
#1658=ADVANCED_FACE('',(#209),#129,.T.);
#1659=ADVANCED_FACE('',(#210),#130,.T.);
#1660=ADVANCED_FACE('',(#211),#131,.T.);
#1661=CLOSED_SHELL('',(#1581,#1582,#1583,#1584,#1585,#1586,#1587,#1588,
#1589,#1590,#1591,#1592,#1593,#1594,#1595,#1596,#1597,#1598,#1599,#1600,
#1601,#1602,#1603,#1604,#1605,#1606,#1607,#1608,#1609,#1610,#1611,#1612,
#1613,#1614,#1615,#1616,#1617,#1618,#1619,#1620,#1621,#1622,#1623,#1624,
#1625,#1626,#1627,#1628,#1629,#1630,#1631,#1632,#1633,#1634,#1635,#1636));
#1662=CLOSED_SHELL('',(#1637,#1638,#1639,#1640,#1641,#1642,#1643,#1644,
#1645,#1646,#1647,#1648,#1649,#1650,#1651,#1652,#1653,#1654,#1655,#1656,
#1657,#1658,#1659,#1660));
#1663=DERIVED_UNIT_ELEMENT(#1666,1.);
#1664=DERIVED_UNIT_ELEMENT(#2712,-3.);
#1665=DIMENSIONAL_EXPONENTS(0.,1.,0.,0.,0.,0.,0.);
#1666=(
CONVERSION_BASED_UNIT('gram',#1668)
MASS_UNIT()
NAMED_UNIT(#1665)
);
#1667=(
MASS_UNIT()
NAMED_UNIT(*)
SI_UNIT(.KILO.,.GRAM.)
);
#1668=MASS_MEASURE_WITH_UNIT(MASS_MEASURE(0.001),#1667);
#1669=DERIVED_UNIT((#1663,#1664));
#1670=MEASURE_REPRESENTATION_ITEM('density measure',
POSITIVE_RATIO_MEASURE(1.),#1669);
#1671=PROPERTY_DEFINITION_REPRESENTATION(#1676,#1673);
#1672=PROPERTY_DEFINITION_REPRESENTATION(#1677,#1674);
#1673=REPRESENTATION('material name',(#1675),#2709);
#1674=REPRESENTATION('density',(#1670),#2709);
#1675=DESCRIPTIVE_REPRESENTATION_ITEM('Generic','Generic');
#1676=PROPERTY_DEFINITION('material property','material name',#2719);
#1677=PROPERTY_DEFINITION('material property','density of part',#2719);
#1678=DATE_TIME_ROLE('creation_date');
#1679=APPLIED_DATE_AND_TIME_ASSIGNMENT(#1680,#1678,(#2719));
#1680=DATE_AND_TIME(#1681,#1682);
#1681=CALENDAR_DATE(2025,29,5);
#1682=LOCAL_TIME(0,0,0.,#1683);
#1683=COORDINATED_UNIVERSAL_TIME_OFFSET(0,0,.BEHIND.);
#1684=AXIS2_PLACEMENT_3D('',#2232,#1805,#1806);
#1685=AXIS2_PLACEMENT_3D('',#2233,#1807,#1808);
#1686=AXIS2_PLACEMENT_3D('',#2235,#1809,#1810);
#1687=AXIS2_PLACEMENT_3D('',#2238,#1812,#1813);
#1688=AXIS2_PLACEMENT_3D('',#2239,#1814,#1815);
#1689=AXIS2_PLACEMENT_3D('',#2241,#1816,#1817);
#1690=AXIS2_PLACEMENT_3D('',#2244,#1819,#1820);
#1691=AXIS2_PLACEMENT_3D('',#2245,#1821,#1822);
#1692=AXIS2_PLACEMENT_3D('',#2247,#1823,#1824);
#1693=AXIS2_PLACEMENT_3D('',#2250,#1826,#1827);
#1694=AXIS2_PLACEMENT_3D('',#2251,#1828,#1829);
#1695=AXIS2_PLACEMENT_3D('',#2253,#1830,#1831);
#1696=AXIS2_PLACEMENT_3D('',#2256,#1833,#1834);
#1697=AXIS2_PLACEMENT_3D('',#2257,#1835,#1836);
#1698=AXIS2_PLACEMENT_3D('',#2259,#1837,#1838);
#1699=AXIS2_PLACEMENT_3D('',#2262,#1840,#1841);
#1700=AXIS2_PLACEMENT_3D('',#2263,#1842,#1843);
#1701=AXIS2_PLACEMENT_3D('',#2265,#1844,#1845);
#1702=AXIS2_PLACEMENT_3D('',#2268,#1847,#1848);
#1703=AXIS2_PLACEMENT_3D('',#2269,#1849,#1850);
#1704=AXIS2_PLACEMENT_3D('',#2271,#1851,#1852);
#1705=AXIS2_PLACEMENT_3D('',#2274,#1854,#1855);
#1706=AXIS2_PLACEMENT_3D('',#2275,#1856,#1857);
#1707=AXIS2_PLACEMENT_3D('',#2277,#1858,#1859);
#1708=AXIS2_PLACEMENT_3D('',#2280,#1861,#1862);
#1709=AXIS2_PLACEMENT_3D('',#2281,#1863,#1864);
#1710=AXIS2_PLACEMENT_3D('',#2283,#1865,#1866);
#1711=AXIS2_PLACEMENT_3D('',#2286,#1868,#1869);
#1712=AXIS2_PLACEMENT_3D('',#2287,#1870,#1871);
#1713=AXIS2_PLACEMENT_3D('',#2296,#1876,#1877);
#1714=AXIS2_PLACEMENT_3D('',#2302,#1881,#1882);
#1715=AXIS2_PLACEMENT_3D('',#2306,#1885,#1886);
#1716=AXIS2_PLACEMENT_3D('',#2315,#1891,#1892);
#1717=AXIS2_PLACEMENT_3D('',#2321,#1896,#1897);
#1718=AXIS2_PLACEMENT_3D('',#2325,#1900,#1901);
#1719=AXIS2_PLACEMENT_3D('',#2334,#1906,#1907);
#1720=AXIS2_PLACEMENT_3D('',#2340,#1911,#1912);
#1721=AXIS2_PLACEMENT_3D('',#2344,#1915,#1916);
#1722=AXIS2_PLACEMENT_3D('',#2353,#1921,#1922);
#1723=AXIS2_PLACEMENT_3D('',#2359,#1926,#1927);
#1724=AXIS2_PLACEMENT_3D('',#2363,#1930,#1931);
#1725=AXIS2_PLACEMENT_3D('',#2372,#1936,#1937);
#1726=AXIS2_PLACEMENT_3D('',#2378,#1941,#1942);
#1727=AXIS2_PLACEMENT_3D('',#2382,#1945,#1946);
#1728=AXIS2_PLACEMENT_3D('',#2391,#1951,#1952);
#1729=AXIS2_PLACEMENT_3D('',#2397,#1956,#1957);
#1730=AXIS2_PLACEMENT_3D('',#2401,#1960,#1961);
#1731=AXIS2_PLACEMENT_3D('',#2428,#1978,#1979);
#1732=AXIS2_PLACEMENT_3D('',#2434,#1983,#1984);
#1733=AXIS2_PLACEMENT_3D('',#2440,#1988,#1989);
#1734=AXIS2_PLACEMENT_3D('',#2444,#1992,#1993);
#1735=AXIS2_PLACEMENT_3D('',#2448,#1996,#1997);
#1736=AXIS2_PLACEMENT_3D('',#2468,#2008,#2009);
#1737=AXIS2_PLACEMENT_3D('',#2480,#2016,#2017);
#1738=AXIS2_PLACEMENT_3D('',#2482,#2019,#2020);
#1739=AXIS2_PLACEMENT_3D('',#2488,#2024,#2025);
#1740=AXIS2_PLACEMENT_3D('',#2494,#2029,#2030);
#1741=AXIS2_PLACEMENT_3D('',#2498,#2033,#2034);
#1742=AXIS2_PLACEMENT_3D('',#2506,#2040,#2041);
#1743=AXIS2_PLACEMENT_3D('',#2512,#2045,#2046);
#1744=AXIS2_PLACEMENT_3D('',#2516,#2049,#2050);
#1745=AXIS2_PLACEMENT_3D('',#2517,#2051,#2052);
#1746=AXIS2_PLACEMENT_3D('',#2523,#2056,#2057);
#1747=AXIS2_PLACEMENT_3D('',#2527,#2060,#2061);
#1748=AXIS2_PLACEMENT_3D('',#2531,#2064,#2065);
#1749=AXIS2_PLACEMENT_3D('',#2535,#2068,#2069);
#1750=AXIS2_PLACEMENT_3D('',#2539,#2072,#2073);
#1751=AXIS2_PLACEMENT_3D('',#2541,#2075,#2076);
#1752=AXIS2_PLACEMENT_3D('',#2545,#2079,#2080);
#1753=AXIS2_PLACEMENT_3D('',#2547,#2082,#2083);
#1754=AXIS2_PLACEMENT_3D('',#2551,#2086,#2087);
#1755=AXIS2_PLACEMENT_3D('',#2553,#2089,#2090);
#1756=AXIS2_PLACEMENT_3D('',#2557,#2093,#2094);
#1757=AXIS2_PLACEMENT_3D('',#2561,#2097,#2098);
#1758=AXIS2_PLACEMENT_3D('',#2563,#2100,#2101);
#1759=AXIS2_PLACEMENT_3D('',#2564,#2102,#2103);
#1760=AXIS2_PLACEMENT_3D('',#2566,#2104,#2105);
#1761=AXIS2_PLACEMENT_3D('',#2569,#2107,#2108);
#1762=AXIS2_PLACEMENT_3D('',#2570,#2109,#2110);
#1763=AXIS2_PLACEMENT_3D('',#2572,#2111,#2112);
#1764=AXIS2_PLACEMENT_3D('',#2575,#2114,#2115);
#1765=AXIS2_PLACEMENT_3D('',#2576,#2116,#2117);
#1766=AXIS2_PLACEMENT_3D('',#2578,#2118,#2119);
#1767=AXIS2_PLACEMENT_3D('',#2581,#2121,#2122);
#1768=AXIS2_PLACEMENT_3D('',#2582,#2123,#2124);
#1769=AXIS2_PLACEMENT_3D('',#2585,#2126,#2127);
#1770=AXIS2_PLACEMENT_3D('',#2586,#2128,#2129);
#1771=AXIS2_PLACEMENT_3D('',#2588,#2130,#2131);
#1772=AXIS2_PLACEMENT_3D('',#2591,#2133,#2134);
#1773=AXIS2_PLACEMENT_3D('',#2592,#2135,#2136);
#1774=AXIS2_PLACEMENT_3D('',#2595,#2138,#2139);
#1775=AXIS2_PLACEMENT_3D('',#2596,#2140,#2141);
#1776=AXIS2_PLACEMENT_3D('',#2598,#2142,#2143);
#1777=AXIS2_PLACEMENT_3D('',#2601,#2145,#2146);
#1778=AXIS2_PLACEMENT_3D('',#2602,#2147,#2148);
#1779=AXIS2_PLACEMENT_3D('',#2605,#2150,#2151);
#1780=AXIS2_PLACEMENT_3D('',#2606,#2152,#2153);
#1781=AXIS2_PLACEMENT_3D('',#2608,#2154,#2155);
#1782=AXIS2_PLACEMENT_3D('',#2611,#2157,#2158);
#1783=AXIS2_PLACEMENT_3D('',#2612,#2159,#2160);
#1784=AXIS2_PLACEMENT_3D('',#2615,#2162,#2163);
#1785=AXIS2_PLACEMENT_3D('',#2616,#2164,#2165);
#1786=AXIS2_PLACEMENT_3D('',#2618,#2166,#2167);
#1787=AXIS2_PLACEMENT_3D('',#2621,#2169,#2170);
#1788=AXIS2_PLACEMENT_3D('',#2622,#2171,#2172);
#1789=AXIS2_PLACEMENT_3D('',#2625,#2174,#2175);
#1790=AXIS2_PLACEMENT_3D('',#2626,#2176,#2177);
#1791=AXIS2_PLACEMENT_3D('',#2628,#2178,#2179);
#1792=AXIS2_PLACEMENT_3D('',#2631,#2181,#2182);
#1793=AXIS2_PLACEMENT_3D('',#2632,#2183,#2184);
#1794=AXIS2_PLACEMENT_3D('',#2635,#2186,#2187);
#1795=AXIS2_PLACEMENT_3D('',#2636,#2188,#2189);
#1796=AXIS2_PLACEMENT_3D('',#2653,#2198,#2199);
#1797=AXIS2_PLACEMENT_3D('',#2659,#2203,#2204);
#1798=AXIS2_PLACEMENT_3D('',#2673,#2212,#2213);
#1799=AXIS2_PLACEMENT_3D('',#2675,#2215,#2216);
#1800=AXIS2_PLACEMENT_3D('',#2678,#2219,#2220);
#1801=AXIS2_PLACEMENT_3D('',#2679,#2221,#2222);
#1802=AXIS2_PLACEMENT_3D('',#2681,#2224,#2225);
#1803=AXIS2_PLACEMENT_3D('',#2683,#2227,#2228);
#1804=AXIS2_PLACEMENT_3D('',#2685,#2230,#2231);
#1805=DIRECTION('axis',(0.,0.,1.));
#1806=DIRECTION('refdir',(1.,0.,0.));
#1807=DIRECTION('center_axis',(1.,0.,0.));
#1808=DIRECTION('ref_axis',(0.,0.,1.));
#1809=DIRECTION('center_axis',(1.,0.,0.));
#1810=DIRECTION('ref_axis',(0.,0.,1.));
#1811=DIRECTION('',(1.,0.,0.));
#1812=DIRECTION('center_axis',(-1.,0.,0.));
#1813=DIRECTION('ref_axis',(0.,0.,1.));
#1814=DIRECTION('center_axis',(0.,0.,-1.));
#1815=DIRECTION('ref_axis',(1.,0.,0.));
#1816=DIRECTION('center_axis',(0.,0.,-1.));
#1817=DIRECTION('ref_axis',(1.,0.,0.));
#1818=DIRECTION('',(0.,0.,-1.));
#1819=DIRECTION('center_axis',(3.02788097625043E-16,0.,1.));
#1820=DIRECTION('ref_axis',(1.,0.,0.));
#1821=DIRECTION('center_axis',(0.,-1.,0.));
#1822=DIRECTION('ref_axis',(1.,0.,0.));
#1823=DIRECTION('center_axis',(0.,-1.,0.));
#1824=DIRECTION('ref_axis',(1.,0.,0.));
#1825=DIRECTION('',(0.,-1.,0.));
#1826=DIRECTION('center_axis',(0.,1.,0.));
#1827=DIRECTION('ref_axis',(1.,0.,0.));
#1828=DIRECTION('center_axis',(0.,1.,0.));
#1829=DIRECTION('ref_axis',(1.,0.,0.));
#1830=DIRECTION('center_axis',(0.,-1.,0.));
#1831=DIRECTION('ref_axis',(1.,0.,0.));
#1832=DIRECTION('',(0.,-1.,0.));
#1833=DIRECTION('center_axis',(0.,1.,0.));
#1834=DIRECTION('ref_axis',(1.,0.,0.));
#1835=DIRECTION('center_axis',(0.,1.,0.));
#1836=DIRECTION('ref_axis',(1.,0.,0.));
#1837=DIRECTION('center_axis',(0.,-1.,0.));
#1838=DIRECTION('ref_axis',(1.,0.,0.));
#1839=DIRECTION('',(0.,-1.,0.));
#1840=DIRECTION('center_axis',(0.,1.,0.));
#1841=DIRECTION('ref_axis',(1.,0.,0.));
#1842=DIRECTION('center_axis',(0.,1.,0.));
#1843=DIRECTION('ref_axis',(1.,0.,0.));
#1844=DIRECTION('center_axis',(0.,-1.,0.));
#1845=DIRECTION('ref_axis',(1.,0.,0.));
#1846=DIRECTION('',(0.,-1.,0.));
#1847=DIRECTION('center_axis',(0.,1.,0.));
#1848=DIRECTION('ref_axis',(1.,0.,0.));
#1849=DIRECTION('center_axis',(0.,1.,0.));
#1850=DIRECTION('ref_axis',(1.,0.,0.));
#1851=DIRECTION('center_axis',(0.,-1.,0.));
#1852=DIRECTION('ref_axis',(1.,0.,0.));
#1853=DIRECTION('',(0.,-1.,0.));
#1854=DIRECTION('center_axis',(0.,1.,0.));
#1855=DIRECTION('ref_axis',(1.,0.,0.));
#1856=DIRECTION('center_axis',(0.,1.,0.));
#1857=DIRECTION('ref_axis',(1.,0.,0.));
#1858=DIRECTION('center_axis',(0.,-1.,0.));
#1859=DIRECTION('ref_axis',(1.,0.,0.));
#1860=DIRECTION('',(0.,-1.,0.));
#1861=DIRECTION('center_axis',(0.,1.,0.));
#1862=DIRECTION('ref_axis',(1.,0.,0.));
#1863=DIRECTION('center_axis',(0.,1.,0.));
#1864=DIRECTION('ref_axis',(1.,0.,0.));
#1865=DIRECTION('center_axis',(0.,-1.,0.));
#1866=DIRECTION('ref_axis',(1.,0.,0.));
#1867=DIRECTION('',(0.,-1.,0.));
#1868=DIRECTION('center_axis',(0.,1.,0.));
#1869=DIRECTION('ref_axis',(1.,0.,0.));
#1870=DIRECTION('center_axis',(1.,0.,8.07434927000117E-16));
#1871=DIRECTION('ref_axis',(-8.07434927000117E-16,0.,1.));
#1872=DIRECTION('',(8.07434927000117E-16,0.,-1.));
#1873=DIRECTION('',(0.,-1.,0.));
#1874=DIRECTION('',(-8.07434927000117E-16,0.,1.));
#1875=DIRECTION('',(0.,-1.,0.));
#1876=DIRECTION('center_axis',(0.,0.,1.));
#1877=DIRECTION('ref_axis',(-1.,0.,0.));
#1878=DIRECTION('',(1.,0.,0.));
#1879=DIRECTION('',(0.,1.,0.));
#1880=DIRECTION('',(-1.,0.,0.));
#1881=DIRECTION('center_axis',(0.,-1.,0.));
#1882=DIRECTION('ref_axis',(0.,0.,-1.));
#1883=DIRECTION('',(4.98976640281132E-17,0.,1.));
#1884=DIRECTION('',(-1.,0.,0.));
#1885=DIRECTION('center_axis',(1.,0.,-8.07434927000119E-16));
#1886=DIRECTION('ref_axis',(8.07434927000119E-16,0.,1.));
#1887=DIRECTION('',(-8.07434927000119E-16,0.,-1.));
#1888=DIRECTION('',(0.,1.,0.));
#1889=DIRECTION('',(8.07434927000119E-16,0.,1.));
#1890=DIRECTION('',(0.,-1.,0.));
#1891=DIRECTION('center_axis',(0.,0.,-1.));
#1892=DIRECTION('ref_axis',(1.,0.,0.));
#1893=DIRECTION('',(-1.,0.,0.));
#1894=DIRECTION('',(1.,0.,0.));
#1895=DIRECTION('',(0.,-1.,0.));
#1896=DIRECTION('center_axis',(0.,-1.,0.));
#1897=DIRECTION('ref_axis',(0.,0.,-1.));
#1898=DIRECTION('',(1.,0.,0.));
#1899=DIRECTION('',(4.98976640281132E-17,0.,1.));
#1900=DIRECTION('center_axis',(-9.32587340684561E-14,0.,-1.));
#1901=DIRECTION('ref_axis',(1.,0.,-9.32587340684561E-14));
#1902=DIRECTION('',(-1.,0.,9.32587340684561E-14));
#1903=DIRECTION('',(0.,-1.,0.));
#1904=DIRECTION('',(1.,0.,-9.32587340684561E-14));
#1905=DIRECTION('',(0.,-1.,0.));
#1906=DIRECTION('center_axis',(1.,0.,0.));
#1907=DIRECTION('ref_axis',(0.,0.,1.));
#1908=DIRECTION('',(0.,0.,-1.));
#1909=DIRECTION('',(0.,1.,0.));
#1910=DIRECTION('',(0.,0.,1.));
#1911=DIRECTION('center_axis',(0.,-1.,0.));
#1912=DIRECTION('ref_axis',(0.,0.,-1.));
#1913=DIRECTION('',(1.,0.,1.96260811650771E-13));
#1914=DIRECTION('',(0.,0.,1.));
#1915=DIRECTION('center_axis',(-1.,0.,0.));
#1916=DIRECTION('ref_axis',(0.,0.,-1.));
#1917=DIRECTION('',(0.,0.,1.));
#1918=DIRECTION('',(0.,1.,0.));
#1919=DIRECTION('',(0.,0.,-1.));
#1920=DIRECTION('',(0.,-1.,0.));
#1921=DIRECTION('center_axis',(0.,0.,1.));
#1922=DIRECTION('ref_axis',(-1.,0.,0.));
#1923=DIRECTION('',(1.,0.,0.));
#1924=DIRECTION('',(-1.,0.,0.));
#1925=DIRECTION('',(0.,-1.,0.));
#1926=DIRECTION('center_axis',(0.,-1.,0.));
#1927=DIRECTION('ref_axis',(0.,0.,-1.));
#1928=DIRECTION('',(-1.,0.,0.));
#1929=DIRECTION('',(0.,0.,-1.));
#1930=DIRECTION('center_axis',(-1.,0.,-1.61486985400024E-15));
#1931=DIRECTION('ref_axis',(1.61486985400024E-15,0.,-1.));
#1932=DIRECTION('',(-1.61486985400024E-15,0.,1.));
#1933=DIRECTION('',(0.,-1.,0.));
#1934=DIRECTION('',(1.61486985400024E-15,0.,-1.));
#1935=DIRECTION('',(0.,-1.,0.));
#1936=DIRECTION('center_axis',(0.,0.,-1.));
#1937=DIRECTION('ref_axis',(1.,0.,0.));
#1938=DIRECTION('',(-1.,0.,0.));
#1939=DIRECTION('',(0.,1.,0.));
#1940=DIRECTION('',(1.,0.,0.));
#1941=DIRECTION('center_axis',(0.,-1.,0.));
#1942=DIRECTION('ref_axis',(0.,0.,-1.));
#1943=DIRECTION('',(0.,0.,-1.));
#1944=DIRECTION('',(1.,0.,0.));
#1945=DIRECTION('center_axis',(1.,0.,-1.02382748742659E-12));
#1946=DIRECTION('ref_axis',(1.02382748742659E-12,0.,1.));
#1947=DIRECTION('',(-1.02382748742659E-12,0.,-1.));
#1948=DIRECTION('',(0.,-1.,0.));
#1949=DIRECTION('',(1.02382748742659E-12,0.,1.));
#1950=DIRECTION('',(0.,-1.,0.));
#1951=DIRECTION('center_axis',(8.07434926992579E-16,0.,1.));
#1952=DIRECTION('ref_axis',(-1.,0.,8.07434926992579E-16));
#1953=DIRECTION('',(1.,0.,-8.07434926992579E-16));
#1954=DIRECTION('',(0.,1.,0.));
#1955=DIRECTION('',(-1.,0.,8.07434926992579E-16));
#1956=DIRECTION('center_axis',(0.,-1.,0.));
#1957=DIRECTION('ref_axis',(0.,0.,-1.));
#1958=DIRECTION('',(0.,0.,1.));
#1959=DIRECTION('',(-1.,0.,0.));
#1960=DIRECTION('center_axis',(0.,1.,0.));
#1961=DIRECTION('ref_axis',(0.,0.,1.));
#1962=DIRECTION('',(-2.86509167645202E-16,0.,-1.));
#1963=DIRECTION('',(-1.,0.,3.02788097625043E-16));
#1964=DIRECTION('',(3.82012223526936E-16,0.,1.));
#1965=DIRECTION('',(-1.,0.,0.));
#1966=DIRECTION('',(0.,0.,1.));
#1967=DIRECTION('',(1.,0.,0.));
#1968=DIRECTION('',(3.82012223526936E-16,0.,1.));
#1969=DIRECTION('',(1.,0.,-2.01858731750028E-16));
#1970=DIRECTION('',(-4.2700885562506E-17,0.,-1.));
#1971=DIRECTION('',(1.,0.,-4.2700885562506E-17));
#1972=DIRECTION('',(-4.98976640281132E-17,0.,-1.));
#1973=DIRECTION('',(1.,0.,0.));
#1974=DIRECTION('',(0.,0.,1.));
#1975=DIRECTION('',(-1.,0.,0.));
#1976=DIRECTION('',(-4.98976640281132E-17,0.,-1.));
#1977=DIRECTION('',(-1.,0.,-1.96260811650771E-13));
#1978=DIRECTION('center_axis',(-1.,0.,4.98976640281132E-17));
#1979=DIRECTION('ref_axis',(-4.98976640281132E-17,0.,-1.));
#1980=DIRECTION('',(-9.23292257983696E-33,-1.,-1.85037170770859E-16));
#1981=DIRECTION('',(-4.98976640281132E-17,0.,-1.));
#1982=DIRECTION('',(0.,-1.,0.));
#1983=DIRECTION('center_axis',(-1.,0.,4.98976640281132E-17));
#1984=DIRECTION('ref_axis',(-4.98976640281132E-17,0.,-1.));
#1985=DIRECTION('',(0.,-1.,0.));
#1986=DIRECTION('',(-4.98976640281132E-17,0.,-1.));
#1987=DIRECTION('',(0.,1.,0.));
#1988=DIRECTION('center_axis',(-1.96260811650771E-13,0.,1.));
#1989=DIRECTION('ref_axis',(-1.,0.,-1.96260811650771E-13));
#1990=DIRECTION('',(-1.,0.,-1.96260811650771E-13));
#1991=DIRECTION('',(0.,-1.,0.));
#1992=DIRECTION('center_axis',(-1.,0.,0.));
#1993=DIRECTION('ref_axis',(0.,0.,1.));
#1994=DIRECTION('',(0.,0.,-1.));
#1995=DIRECTION('',(0.,-1.,0.));
#1996=DIRECTION('center_axis',(0.,0.,-1.));
#1997=DIRECTION('ref_axis',(1.,0.,0.));
#1998=DIRECTION('',(1.,0.,0.));
#1999=DIRECTION('',(0.,-1.,0.));
#2000=DIRECTION('',(-1.,0.,0.));
#2001=DIRECTION('',(0.,1.,0.));
#2002=DIRECTION('',(1.,0.,0.));
#2003=DIRECTION('',(3.96508223080413E-16,-1.,0.));
#2004=DIRECTION('',(-1.,0.,0.));
#2005=DIRECTION('',(0.,1.,0.));
#2006=DIRECTION('',(1.,0.,0.));
#2007=DIRECTION('',(0.,-1.,0.));
#2008=DIRECTION('center_axis',(0.,0.,1.));
#2009=DIRECTION('ref_axis',(-1.,0.,0.));
#2010=DIRECTION('',(0.,-1.,0.));
#2011=DIRECTION('',(-1.,0.,0.));
#2012=DIRECTION('',(-4.44089209850063E-16,1.,0.));
#2013=DIRECTION('',(-1.,-1.26882631385732E-16,0.));
#2014=DIRECTION('',(3.5527136788005E-16,-1.,0.));
#2015=DIRECTION('',(1.,2.53765262771464E-16,0.));
#2016=DIRECTION('center_axis',(1.,0.,0.));
#2017=DIRECTION('ref_axis',(0.,0.,1.));
#2018=DIRECTION('',(0.,0.,1.));
#2019=DIRECTION('center_axis',(-1.,-3.96508223080413E-16,5.55111512312578E-16));
#2020=DIRECTION('ref_axis',(3.96508223080413E-16,-1.,-1.20057970559204E-31));
#2021=DIRECTION('',(5.55111512312578E-16,0.,1.));
#2022=DIRECTION('',(3.96508223080413E-16,-1.,-1.20057970559204E-31));
#2023=DIRECTION('',(5.55111512312578E-16,0.,1.));
#2024=DIRECTION('center_axis',(0.,1.,0.));
#2025=DIRECTION('ref_axis',(-1.,0.,3.02788097625043E-16));
#2026=DIRECTION('',(2.77555756156289E-16,0.,1.));
#2027=DIRECTION('',(-1.,0.,3.02788097625043E-16));
#2028=DIRECTION('',(2.77555756156289E-16,0.,1.));
#2029=DIRECTION('center_axis',(-1.,0.,2.77555756156289E-16));
#2030=DIRECTION('ref_axis',(0.,-1.,0.));
#2031=DIRECTION('',(2.77555756156289E-16,0.,1.));
#2032=DIRECTION('',(0.,-1.,0.));
#2033=DIRECTION('center_axis',(0.,-1.,0.));
#2034=DIRECTION('ref_axis',(0.,0.,-1.));
#2035=DIRECTION('',(5.55111512312578E-16,0.,1.));
#2036=DIRECTION('',(1.,0.,-3.02788097625043E-16));
#2037=DIRECTION('',(2.77555756156289E-16,0.,1.));
#2038=DIRECTION('',(1.,0.,-3.02788097625043E-16));
#2039=DIRECTION('',(-1.,0.,0.));
#2040=DIRECTION('center_axis',(1.,3.5527136788005E-16,0.));
#2041=DIRECTION('ref_axis',(3.5527136788005E-16,-1.,-7.17146277473647E-32));
#2042=DIRECTION('',(0.,0.,-1.));
#2043=DIRECTION('',(3.5527136788005E-16,-1.,-7.17146277473647E-32));
#2044=DIRECTION('',(0.,0.,-1.));
#2045=DIRECTION('center_axis',(1.26882631385732E-16,-1.,0.));
#2046=DIRECTION('ref_axis',(-1.,-1.26882631385732E-16,2.01858731750028E-16));
#2047=DIRECTION('',(0.,0.,-1.));
#2048=DIRECTION('',(-1.,-1.26882631385732E-16,2.01858731750028E-16));
#2049=DIRECTION('center_axis',(0.,0.,-1.));
#2050=DIRECTION('ref_axis',(0.,-1.,0.));
#2051=DIRECTION('center_axis',(0.,0.,-1.));
#2052=DIRECTION('ref_axis',(1.,0.,0.));
#2053=DIRECTION('',(0.,1.,0.));
#2054=DIRECTION('',(1.,0.,0.));
#2055=DIRECTION('',(0.,-1.,0.));
#2056=DIRECTION('center_axis',(-1.,0.,0.));
#2057=DIRECTION('ref_axis',(0.,0.,-1.));
#2058=DIRECTION('',(0.,0.,-1.));
#2059=DIRECTION('',(0.,-1.,0.));
#2060=DIRECTION('center_axis',(0.,0.,1.));
#2061=DIRECTION('ref_axis',(-1.,0.,0.));
#2062=DIRECTION('',(-1.,0.,0.));
#2063=DIRECTION('',(0.,-1.,0.));
#2064=DIRECTION('center_axis',(-1.,0.,3.82012223526936E-16));
#2065=DIRECTION('ref_axis',(3.82012223526936E-16,0.,1.));
#2066=DIRECTION('',(0.,1.,0.));
#2067=DIRECTION('',(3.82012223526936E-16,0.,1.));
#2068=DIRECTION('center_axis',(-1.,0.,3.82012223526936E-16));
#2069=DIRECTION('ref_axis',(3.82012223526936E-16,0.,1.));
#2070=DIRECTION('',(3.82012223526936E-16,0.,1.));
#2071=DIRECTION('',(0.,1.,0.));
#2072=DIRECTION('center_axis',(1.,0.,-2.77555756156289E-16));
#2073=DIRECTION('ref_axis',(0.,1.,0.));
#2074=DIRECTION('',(0.,1.,0.));
#2075=DIRECTION('center_axis',(1.,0.,-5.55111512312578E-16));
#2076=DIRECTION('ref_axis',(0.,1.,0.));
#2077=DIRECTION('',(5.55111512312578E-16,0.,1.));
#2078=DIRECTION('',(0.,1.,0.));
#2079=DIRECTION('center_axis',(0.,1.,0.));
#2080=DIRECTION('ref_axis',(-1.,0.,3.02788097625043E-16));
#2081=DIRECTION('',(-1.,0.,3.02788097625043E-16));
#2082=DIRECTION('center_axis',(-1.,-4.44089209850063E-16,0.));
#2083=DIRECTION('ref_axis',(-4.44089209850063E-16,1.,8.96432846842059E-32));
#2084=DIRECTION('',(0.,0.,-1.));
#2085=DIRECTION('',(-4.44089209850063E-16,1.,8.96432846842059E-32));
#2086=DIRECTION('center_axis',(-2.53765262771464E-16,1.,0.));
#2087=DIRECTION('ref_axis',(1.,2.53765262771464E-16,-2.01858731750028E-16));
#2088=DIRECTION('',(1.,2.53765262771464E-16,-2.01858731750028E-16));
#2089=DIRECTION('center_axis',(2.01858731750028E-16,0.,1.));
#2090=DIRECTION('ref_axis',(1.,0.,-2.01858731750028E-16));
#2091=DIRECTION('',(1.,0.,-2.01858731750028E-16));
#2092=DIRECTION('',(0.,1.,0.));
#2093=DIRECTION('center_axis',(-3.02788097625043E-16,0.,-1.));
#2094=DIRECTION('ref_axis',(-1.,0.,3.02788097625043E-16));
#2095=DIRECTION('',(-1.,0.,3.02788097625043E-16));
#2096=DIRECTION('',(0.,1.,0.));
#2097=DIRECTION('center_axis',(1.,0.,-2.86509167645202E-16));
#2098=DIRECTION('ref_axis',(-2.86509167645202E-16,0.,-1.));
#2099=DIRECTION('',(-2.86509167645202E-16,0.,-1.));
#2100=DIRECTION('center_axis',(0.,1.,0.));
#2101=DIRECTION('ref_axis',(0.,0.,1.));
#2102=DIRECTION('center_axis',(0.,-1.,0.));
#2103=DIRECTION('ref_axis',(1.,0.,0.));
#2104=DIRECTION('center_axis',(0.,-1.,0.));
#2105=DIRECTION('ref_axis',(1.,0.,0.));
#2106=DIRECTION('',(0.,-1.,0.));
#2107=DIRECTION('center_axis',(0.,1.,0.));
#2108=DIRECTION('ref_axis',(1.,0.,0.));
#2109=DIRECTION('center_axis',(0.,-1.,0.));
#2110=DIRECTION('ref_axis',(1.,0.,0.));
#2111=DIRECTION('center_axis',(0.,-1.,0.));
#2112=DIRECTION('ref_axis',(1.,0.,0.));
#2113=DIRECTION('',(0.,-1.,0.));
#2114=DIRECTION('center_axis',(0.,1.,0.));
#2115=DIRECTION('ref_axis',(1.,0.,0.));
#2116=DIRECTION('center_axis',(0.,1.,0.));
#2117=DIRECTION('ref_axis',(1.,0.,0.));
#2118=DIRECTION('center_axis',(0.,-1.,0.));
#2119=DIRECTION('ref_axis',(1.,0.,0.));
#2120=DIRECTION('',(0.707106781186547,-0.707106781186548,-8.65956056235493E-17));
#2121=DIRECTION('center_axis',(0.,1.,0.));
#2122=DIRECTION('ref_axis',(1.,0.,0.));
#2123=DIRECTION('center_axis',(0.,1.,0.));
#2124=DIRECTION('ref_axis',(1.,0.,0.));
#2125=DIRECTION('',(0.,-1.,0.));
#2126=DIRECTION('center_axis',(0.,1.,0.));
#2127=DIRECTION('ref_axis',(1.,0.,0.));
#2128=DIRECTION('center_axis',(0.,1.,0.));
#2129=DIRECTION('ref_axis',(1.,0.,0.));
#2130=DIRECTION('center_axis',(0.,-1.,0.));
#2131=DIRECTION('ref_axis',(1.,0.,0.));
#2132=DIRECTION('',(0.707106781186547,-0.707106781186548,-8.65956056235493E-17));
#2133=DIRECTION('center_axis',(0.,1.,0.));
#2134=DIRECTION('ref_axis',(1.,0.,0.));
#2135=DIRECTION('center_axis',(0.,1.,0.));
#2136=DIRECTION('ref_axis',(1.,0.,0.));
#2137=DIRECTION('',(0.,-1.,0.));
#2138=DIRECTION('center_axis',(0.,1.,0.));
#2139=DIRECTION('ref_axis',(1.,0.,0.));
#2140=DIRECTION('center_axis',(0.,1.,0.));
#2141=DIRECTION('ref_axis',(1.,0.,0.));
#2142=DIRECTION('center_axis',(0.,-1.,0.));
#2143=DIRECTION('ref_axis',(1.,0.,0.));
#2144=DIRECTION('',(0.707106781186547,-0.707106781186548,-8.65956056235493E-17));
#2145=DIRECTION('center_axis',(0.,1.,0.));
#2146=DIRECTION('ref_axis',(1.,0.,0.));
#2147=DIRECTION('center_axis',(0.,1.,0.));
#2148=DIRECTION('ref_axis',(1.,0.,0.));
#2149=DIRECTION('',(0.,-1.,0.));
#2150=DIRECTION('center_axis',(0.,1.,0.));
#2151=DIRECTION('ref_axis',(1.,0.,0.));
#2152=DIRECTION('center_axis',(0.,1.,0.));
#2153=DIRECTION('ref_axis',(1.,0.,0.));
#2154=DIRECTION('center_axis',(0.,-1.,0.));
#2155=DIRECTION('ref_axis',(1.,0.,0.));
#2156=DIRECTION('',(0.707106781186547,-0.707106781186548,-8.65956056235493E-17));
#2157=DIRECTION('center_axis',(0.,1.,0.));
#2158=DIRECTION('ref_axis',(1.,0.,0.));
#2159=DIRECTION('center_axis',(0.,1.,0.));
#2160=DIRECTION('ref_axis',(1.,0.,0.));
#2161=DIRECTION('',(0.,-1.,0.));
#2162=DIRECTION('center_axis',(0.,1.,0.));
#2163=DIRECTION('ref_axis',(1.,0.,0.));
#2164=DIRECTION('center_axis',(0.,1.,0.));
#2165=DIRECTION('ref_axis',(1.,0.,0.));
#2166=DIRECTION('center_axis',(0.,-1.,0.));
#2167=DIRECTION('ref_axis',(1.,0.,0.));
#2168=DIRECTION('',(0.707106781186547,-0.707106781186548,-8.65956056235493E-17));
#2169=DIRECTION('center_axis',(0.,1.,0.));
#2170=DIRECTION('ref_axis',(1.,0.,0.));
#2171=DIRECTION('center_axis',(0.,1.,0.));
#2172=DIRECTION('ref_axis',(1.,0.,0.));
#2173=DIRECTION('',(0.,-1.,0.));
#2174=DIRECTION('center_axis',(0.,1.,0.));
#2175=DIRECTION('ref_axis',(1.,0.,0.));
#2176=DIRECTION('center_axis',(0.,1.,0.));
#2177=DIRECTION('ref_axis',(1.,0.,0.));
#2178=DIRECTION('center_axis',(0.,-1.,0.));
#2179=DIRECTION('ref_axis',(1.,0.,0.));
#2180=DIRECTION('',(0.707106781186547,-0.707106781186548,-8.65956056235493E-17));
#2181=DIRECTION('center_axis',(0.,1.,0.));
#2182=DIRECTION('ref_axis',(1.,0.,0.));
#2183=DIRECTION('center_axis',(0.,1.,0.));
#2184=DIRECTION('ref_axis',(1.,0.,0.));
#2185=DIRECTION('',(0.,-1.,0.));
#2186=DIRECTION('center_axis',(0.,1.,0.));
#2187=DIRECTION('ref_axis',(1.,0.,0.));
#2188=DIRECTION('center_axis',(0.,1.,0.));
#2189=DIRECTION('ref_axis',(0.,0.,1.));
#2190=DIRECTION('',(1.,0.,0.));
#2191=DIRECTION('',(0.,0.,1.));
#2192=DIRECTION('',(-1.,0.,0.));
#2193=DIRECTION('',(0.,0.,1.));
#2194=DIRECTION('',(-1.,0.,0.));
#2195=DIRECTION('',(0.,0.,-1.));
#2196=DIRECTION('',(1.,0.,0.));
#2197=DIRECTION('',(0.,0.,1.));
#2198=DIRECTION('center_axis',(0.,0.,-1.));
#2199=DIRECTION('ref_axis',(1.,0.,0.));
#2200=DIRECTION('',(0.,-1.,0.));
#2201=DIRECTION('',(-1.,0.,0.));
#2202=DIRECTION('',(0.,1.,0.));
#2203=DIRECTION('center_axis',(0.,1.,0.));
#2204=DIRECTION('ref_axis',(0.,0.,1.));
#2205=DIRECTION('',(1.,0.,0.));
#2206=DIRECTION('',(0.,0.,-1.));
#2207=DIRECTION('',(-1.,0.,0.));
#2208=DIRECTION('',(0.,0.,1.));
#2209=DIRECTION('',(0.,0.,1.));
#2210=DIRECTION('',(1.,0.,0.));
#2211=DIRECTION('',(0.,0.,1.));
#2212=DIRECTION('center_axis',(-1.,0.,0.));
#2213=DIRECTION('ref_axis',(0.,0.,-1.));
#2214=DIRECTION('',(0.,-1.,0.));
#2215=DIRECTION('center_axis',(0.,0.,1.));
#2216=DIRECTION('ref_axis',(-1.,0.,0.));
#2217=DIRECTION('',(0.,-1.,0.));
#2218=DIRECTION('',(0.,-1.,0.));
#2219=DIRECTION('center_axis',(-1.,0.,0.));
#2220=DIRECTION('ref_axis',(0.,0.,-1.));
#2221=DIRECTION('center_axis',(0.,0.,-1.));
#2222=DIRECTION('ref_axis',(1.,0.,0.));
#2223=DIRECTION('',(0.,-1.,0.));
#2224=DIRECTION('center_axis',(1.,0.,0.));
#2225=DIRECTION('ref_axis',(0.,0.,1.));
#2226=DIRECTION('',(0.,-1.,0.));
#2227=DIRECTION('center_axis',(0.,0.,1.));
#2228=DIRECTION('ref_axis',(-1.,0.,0.));
#2229=DIRECTION('',(0.,-1.,0.));
#2230=DIRECTION('center_axis',(-1.,0.,0.));
#2231=DIRECTION('ref_axis',(0.,0.,-1.));
#2232=CARTESIAN_POINT('',(0.,0.,0.));
#2233=CARTESIAN_POINT('Origin',(-91.0864077038357,18.25,0.789987987939655));
#2234=CARTESIAN_POINT('',(-91.0864077038357,18.25,-7.81001201206034));
#2235=CARTESIAN_POINT('Origin',(-91.0864077038357,18.25,0.789987987939655));
#2236=CARTESIAN_POINT('',(-89.086407703839,18.25,-7.81001201206034));
#2237=CARTESIAN_POINT('',(-91.0864077038357,18.25,-7.81001201206034));
#2238=CARTESIAN_POINT('Origin',(-89.086407703839,18.25,0.789987987939655));
#2239=CARTESIAN_POINT('Origin',(38.423592296161,8.34999999999999,-43.5975120120662));
#2240=CARTESIAN_POINT('',(34.663592296161,8.34999999999999,-43.5975120120662));
#2241=CARTESIAN_POINT('Origin',(38.423592296161,8.34999999999999,-43.5975120120662));
#2242=CARTESIAN_POINT('',(34.663592296161,8.34999999999999,-45.5975120120758));
#2243=CARTESIAN_POINT('',(34.663592296161,8.34999999999999,-43.5975120120662));
#2244=CARTESIAN_POINT('Origin',(38.423592296161,8.34999999999999,-45.5975120120758));
#2245=CARTESIAN_POINT('Origin',(38.1,1.99999999999999,-36.5125));
#2246=CARTESIAN_POINT('',(34.34,1.99999999999999,-36.5125));
#2247=CARTESIAN_POINT('Origin',(38.1,1.99999999999999,-36.5125));
#2248=CARTESIAN_POINT('',(34.34,2.77555756156289E-16,-36.5125));
#2249=CARTESIAN_POINT('',(34.34,1.99999999999999,-36.5125));
#2250=CARTESIAN_POINT('Origin',(38.1,0.,-36.5125));
#2251=CARTESIAN_POINT('Origin',(-87.0864077038508,-220.43545168357,-16.8225120120254));
#2252=CARTESIAN_POINT('',(-88.5864077038508,50.,-16.8225120120254));
#2253=CARTESIAN_POINT('Origin',(-87.0864077038508,50.,-16.8225120120254));
#2254=CARTESIAN_POINT('',(-88.5864077038508,42.,-16.8225120120254));
#2255=CARTESIAN_POINT('',(-88.5864077038508,-220.43545168357,-16.8225120120254));
#2256=CARTESIAN_POINT('Origin',(-87.0864077038508,42.,-16.8225120120254));
#2257=CARTESIAN_POINT('Origin',(-87.0864077038508,-220.43545168357,18.4024879879042));
#2258=CARTESIAN_POINT('',(-88.5864077038508,50.,18.4024879879042));
#2259=CARTESIAN_POINT('Origin',(-87.0864077038508,50.,18.4024879879042));
#2260=CARTESIAN_POINT('',(-88.5864077038508,42.,18.4024879879042));
#2261=CARTESIAN_POINT('',(-88.5864077038508,-220.43545168357,18.4024879879042));
#2262=CARTESIAN_POINT('Origin',(-87.0864077038508,42.,18.4024879879042));
#2263=CARTESIAN_POINT('Origin',(44.913592296124,-220.43545168357,43.4024879879047));
#2264=CARTESIAN_POINT('',(43.413592296124,50.,43.4024879879047));
#2265=CARTESIAN_POINT('Origin',(44.913592296124,50.,43.4024879879047));
#2266=CARTESIAN_POINT('',(43.413592296124,42.,43.4024879879047));
#2267=CARTESIAN_POINT('',(43.413592296124,-220.43545168357,43.4024879879047));
#2268=CARTESIAN_POINT('Origin',(44.913592296124,42.,43.4024879879047));
#2269=CARTESIAN_POINT('Origin',(44.913592296124,-220.43545168357,-41.5975120120661));
#2270=CARTESIAN_POINT('',(43.413592296124,50.,-41.5975120120661));
#2271=CARTESIAN_POINT('Origin',(44.913592296124,50.,-41.5975120120661));
#2272=CARTESIAN_POINT('',(43.413592296124,42.,-41.5975120120661));
#2273=CARTESIAN_POINT('',(43.413592296124,-220.43545168357,-41.5975120120661));
#2274=CARTESIAN_POINT('Origin',(44.913592296124,42.,-41.5975120120661));
#2275=CARTESIAN_POINT('Origin',(-35.0864077037953,-220.43545168357,-41.5975120120661));
#2276=CARTESIAN_POINT('',(-36.5864077037953,50.,-41.5975120120661));
#2277=CARTESIAN_POINT('Origin',(-35.0864077037953,50.,-41.5975120120661));
#2278=CARTESIAN_POINT('',(-36.5864077037953,42.,-41.5975120120661));
#2279=CARTESIAN_POINT('',(-36.5864077037953,-220.43545168357,-41.5975120120661));
#2280=CARTESIAN_POINT('Origin',(-35.0864077037953,42.,-41.5975120120661));
#2281=CARTESIAN_POINT('Origin',(-35.0864077037953,-220.43545168357,43.4024879879047));
#2282=CARTESIAN_POINT('',(-36.5864077037953,50.,43.4024879879047));
#2283=CARTESIAN_POINT('Origin',(-35.0864077037953,50.,43.4024879879047));
#2284=CARTESIAN_POINT('',(-36.5864077037953,42.,43.4024879879047));
#2285=CARTESIAN_POINT('',(-36.5864077037953,-220.43545168357,43.4024879879047));
#2286=CARTESIAN_POINT('Origin',(-35.0864077037953,42.,43.4024879879047));
#2287=CARTESIAN_POINT('Origin',(-31.5864077037953,50.,-43.5975120120661));
#2288=CARTESIAN_POINT('',(-31.5864077037953,50.,-38.0975120120662));
#2289=CARTESIAN_POINT('',(-31.5864077037953,50.,-43.5975120120661));
#2290=CARTESIAN_POINT('',(-31.5864077037953,50.,-38.0975120120662));
#2291=CARTESIAN_POINT('',(-31.5864077037953,42.,-38.0975120120662));
#2292=CARTESIAN_POINT('',(-31.5864077037953,50.,-38.0975120120662));
#2293=CARTESIAN_POINT('',(-31.5864077037953,42.,-43.5975120120661));
#2294=CARTESIAN_POINT('',(-31.5864077037953,42.,-38.0975120120662));
#2295=CARTESIAN_POINT('',(-31.5864077037953,50.,-43.5975120120662));
#2296=CARTESIAN_POINT('Origin',(-31.5864077037953,50.,-38.0975120120662));
#2297=CARTESIAN_POINT('',(-37.0864077037953,50.,-38.0975120120662));
#2298=CARTESIAN_POINT('',(-37.0864077037953,50.,-38.0975120120662));
#2299=CARTESIAN_POINT('',(-37.0864077037953,42.,-38.0975120120662));
#2300=CARTESIAN_POINT('',(-37.0864077037953,50.,-38.0975120120662));
#2301=CARTESIAN_POINT('',(-37.0864077037953,42.,-38.0975120120662));
#2302=CARTESIAN_POINT('Origin',(-34.3364077037953,42.,-40.8475120120662));
#2303=CARTESIAN_POINT('',(-37.0864077037953,42.,-43.5975120120662));
#2304=CARTESIAN_POINT('',(-37.0864077037953,42.,2.27748798791928));
#2305=CARTESIAN_POINT('',(-35.7114077037953,42.,-43.5975120120662));
#2306=CARTESIAN_POINT('Origin',(-31.5864077037953,50.,39.9024879879047));
#2307=CARTESIAN_POINT('',(-31.5864077037953,50.,45.4024879879047));
#2308=CARTESIAN_POINT('',(-31.5864077037953,50.,39.9024879879047));
#2309=CARTESIAN_POINT('',(-31.5864077037953,50.,45.4024879879047));
#2310=CARTESIAN_POINT('',(-31.5864077037953,42.,45.4024879879047));
#2311=CARTESIAN_POINT('',(-31.5864077037953,50.,45.4024879879047));
#2312=CARTESIAN_POINT('',(-31.5864077037953,42.,39.9024879879047));
#2313=CARTESIAN_POINT('',(-31.5864077037953,42.,45.4024879879047));
#2314=CARTESIAN_POINT('',(-31.5864077037953,50.,39.9024879879047));
#2315=CARTESIAN_POINT('Origin',(-37.0864077037953,50.,39.9024879879047));
#2316=CARTESIAN_POINT('',(-37.0864077037953,50.,39.9024879879047));
#2317=CARTESIAN_POINT('',(-31.5864077037953,50.,39.9024879879047));
#2318=CARTESIAN_POINT('',(-37.0864077037953,42.,39.9024879879047));
#2319=CARTESIAN_POINT('',(-31.5864077037953,42.,39.9024879879047));
#2320=CARTESIAN_POINT('',(-37.0864077037953,50.,39.9024879879047));
#2321=CARTESIAN_POINT('Origin',(-34.3364077037953,42.,42.6524879879047));
#2322=CARTESIAN_POINT('',(-37.0864077037953,42.,45.4024879879047));
#2323=CARTESIAN_POINT('',(6.28859229619016,42.,45.4024879879047));
#2324=CARTESIAN_POINT('',(-37.0864077037953,42.,44.0274879879047));
#2325=CARTESIAN_POINT('Origin',(-89.0864077038535,50.,14.9024879879014));
#2326=CARTESIAN_POINT('',(-83.5864077038502,50.,14.9024879879009));
#2327=CARTESIAN_POINT('',(-89.0864077038535,50.,14.9024879879014));
#2328=CARTESIAN_POINT('',(-83.5864077038502,50.,14.9024879879009));
#2329=CARTESIAN_POINT('',(-83.5864077038502,42.,14.9024879879009));
#2330=CARTESIAN_POINT('',(-83.5864077038502,50.,14.9024879879009));
#2331=CARTESIAN_POINT('',(-89.0864077038535,42.,14.9024879879014));
#2332=CARTESIAN_POINT('',(-83.5864077038502,42.,14.9024879879009));
#2333=CARTESIAN_POINT('',(-89.086407703839,37.5,14.9024879879014));
#2334=CARTESIAN_POINT('Origin',(-83.5864077038502,50.,14.9024879879009));
#2335=CARTESIAN_POINT('',(-83.5864077038502,50.,20.4024879879032));
#2336=CARTESIAN_POINT('',(-83.5864077038502,50.,20.4024879879032));
#2337=CARTESIAN_POINT('',(-83.5864077038502,42.,20.4024879879032));
#2338=CARTESIAN_POINT('',(-83.5864077038502,50.,20.4024879879058));
#2339=CARTESIAN_POINT('',(-83.5864077038502,42.,20.4024879879032));
#2340=CARTESIAN_POINT('Origin',(-86.3364077038518,42.,17.6524879879028));
#2341=CARTESIAN_POINT('',(-89.0864077038535,42.,20.4024879879047));
#2342=CARTESIAN_POINT('',(-62.6175069102462,42.,20.4024879879099));
#2343=CARTESIAN_POINT('',(-89.086407703839,42.,9.16498798793141));
#2344=CARTESIAN_POINT('Origin',(41.413592296124,50.,-38.0975120120662));
#2345=CARTESIAN_POINT('',(41.413592296124,50.,-43.5975120120661));
#2346=CARTESIAN_POINT('',(41.413592296124,50.,-38.0975120120662));
#2347=CARTESIAN_POINT('',(41.413592296124,50.,-43.5975120120661));
#2348=CARTESIAN_POINT('',(41.413592296124,42.,-43.5975120120661));
#2349=CARTESIAN_POINT('',(41.413592296124,50.,-43.5975120120662));
#2350=CARTESIAN_POINT('',(41.413592296124,42.,-38.0975120120662));
#2351=CARTESIAN_POINT('',(41.413592296124,42.,-43.5975120120661));
#2352=CARTESIAN_POINT('',(41.413592296124,50.,-38.0975120120662));
#2353=CARTESIAN_POINT('Origin',(46.913592296124,50.,-38.0975120120662));
#2354=CARTESIAN_POINT('',(46.913592296124,50.,-38.0975120120662));
#2355=CARTESIAN_POINT('',(41.413592296124,50.,-38.0975120120662));
#2356=CARTESIAN_POINT('',(46.913592296124,42.,-38.0975120120662));
#2357=CARTESIAN_POINT('',(41.413592296124,42.,-38.0975120120662));
#2358=CARTESIAN_POINT('',(46.9135922961756,50.,-38.0975120120662));
#2359=CARTESIAN_POINT('Origin',(44.1635922961498,42.,-40.8475120120662));
#2360=CARTESIAN_POINT('',(46.9135922961756,42.,-43.5975120120662));
#2361=CARTESIAN_POINT('',(3.53859229617724,42.,-43.5975120120662));
#2362=CARTESIAN_POINT('',(46.9135922961756,42.,-42.2225120120662));
#2363=CARTESIAN_POINT('Origin',(41.413592296124,50.,45.4024879879047));
#2364=CARTESIAN_POINT('',(41.413592296124,50.,39.9024879879047));
#2365=CARTESIAN_POINT('',(41.413592296124,50.,45.4024879879047));
#2366=CARTESIAN_POINT('',(41.413592296124,50.,39.9024879879047));
#2367=CARTESIAN_POINT('',(41.413592296124,42.,39.9024879879047));
#2368=CARTESIAN_POINT('',(41.413592296124,50.,39.9024879879047));
#2369=CARTESIAN_POINT('',(41.413592296124,42.,45.4024879879047));
#2370=CARTESIAN_POINT('',(41.413592296124,42.,39.9024879879047));
#2371=CARTESIAN_POINT('',(41.413592296124,50.,45.4024879879047));
#2372=CARTESIAN_POINT('Origin',(41.413592296124,50.,39.9024879879047));
#2373=CARTESIAN_POINT('',(46.913592296124,50.,39.9024879879047));
#2374=CARTESIAN_POINT('',(46.913592296124,50.,39.9024879879047));
#2375=CARTESIAN_POINT('',(46.913592296124,42.,39.9024879879047));
#2376=CARTESIAN_POINT('',(46.9135922961756,50.,39.9024879879047));
#2377=CARTESIAN_POINT('',(46.913592296124,42.,39.9024879879047));
#2378=CARTESIAN_POINT('Origin',(44.163592296124,42.,42.6524879879047));
#2379=CARTESIAN_POINT('',(46.913592296124,42.,45.4024879879047));
#2380=CARTESIAN_POINT('',(46.9135922961756,42.,-0.472512012080726));
#2381=CARTESIAN_POINT('',(45.5385922961498,42.,45.4024879879047));
#2382=CARTESIAN_POINT('Origin',(-83.5864077038022,50.,-18.8225120120254));
#2383=CARTESIAN_POINT('',(-83.5864077037966,50.,-13.3225120119741));
#2384=CARTESIAN_POINT('',(-83.5864077038022,50.,-18.8225120120254));
#2385=CARTESIAN_POINT('',(-83.5864077037966,50.,-13.3225120119741));
#2386=CARTESIAN_POINT('',(-83.5864077037966,42.,-13.3225120119741));
#2387=CARTESIAN_POINT('',(-83.5864077037966,50.,-13.3225120119741));
#2388=CARTESIAN_POINT('',(-83.5864077038022,42.,-18.8225120120254));
#2389=CARTESIAN_POINT('',(-83.5864077037966,42.,-13.3225120119741));
#2390=CARTESIAN_POINT('',(-83.5864077038022,49.0000000000073,-18.8225120120254));
#2391=CARTESIAN_POINT('Origin',(-83.5864077037966,50.,-13.3225120119741));
#2392=CARTESIAN_POINT('',(-89.0864077038479,50.,-13.3225120119741));
#2393=CARTESIAN_POINT('',(-89.0864077038479,50.,-13.3225120119741));
#2394=CARTESIAN_POINT('',(-89.0864077038479,42.,-13.3225120119741));
#2395=CARTESIAN_POINT('',(-89.086407703839,37.5,-13.3225120119741));
#2396=CARTESIAN_POINT('',(-89.0864077038479,42.,-13.3225120119741));
#2397=CARTESIAN_POINT('Origin',(-86.3364077038222,42.,-16.0725120119998));
#2398=CARTESIAN_POINT('',(-89.0864077038044,42.,-18.8225120120254));
#2399=CARTESIAN_POINT('',(-89.086407703839,42.,-7.69751201201986));
#2400=CARTESIAN_POINT('',(-61.2114077038306,42.,-18.8225120120254));
#2401=CARTESIAN_POINT('Origin',(4.91359229616436,50.,0.902487987924205));
#2402=CARTESIAN_POINT('',(48.9135922961644,50.,47.4024879879242));
#2403=CARTESIAN_POINT('',(48.9135922961643,50.,-45.5975120120758));
#2404=CARTESIAN_POINT('',(48.9135922961644,50.,47.4024879879242));
#2405=CARTESIAN_POINT('',(-39.0864077038357,50.,-45.5975120120758));
#2406=CARTESIAN_POINT('',(48.9135922961643,50.,-45.5975120120758));
#2407=CARTESIAN_POINT('',(-39.0864077038356,50.,-20.5975120120758));
#2408=CARTESIAN_POINT('',(-39.0864077038357,50.,-45.5975120120758));
#2409=CARTESIAN_POINT('',(-91.0864077038357,50.,-20.5975120120758));
#2410=CARTESIAN_POINT('',(-39.0864077038356,50.,-20.5975120120758));
#2411=CARTESIAN_POINT('',(-91.0864077038357,50.,22.4024879879242));
#2412=CARTESIAN_POINT('',(-91.0864077038357,50.,-20.5975120120758));
#2413=CARTESIAN_POINT('',(-39.0864077038356,50.,22.4024879879242));
#2414=CARTESIAN_POINT('',(-91.0864077038357,50.,22.4024879879242));
#2415=CARTESIAN_POINT('',(-39.0864077038356,50.,47.4024879879242));
#2416=CARTESIAN_POINT('',(-39.0864077038357,50.,-45.5975120120758));
#2417=CARTESIAN_POINT('',(-39.0864077038356,50.,47.4024879879242));
#2418=CARTESIAN_POINT('',(-89.0864077037953,50.,-8.90376201206079));
#2419=CARTESIAN_POINT('',(-37.0864077037953,50.,-18.8225120120254));
#2420=CARTESIAN_POINT('',(-16.0864077038155,50.,-18.8225120120254));
#2421=CARTESIAN_POINT('',(-37.0864077037953,50.,23.1524879879145));
#2422=CARTESIAN_POINT('',(-16.0864077038155,50.,-43.5975120120662));
#2423=CARTESIAN_POINT('',(46.9135922961756,50.,-21.347512012071));
#2424=CARTESIAN_POINT('',(25.91359229617,50.,45.4024879879047));
#2425=CARTESIAN_POINT('',(-37.0864077037953,50.,20.4024879879145));
#2426=CARTESIAN_POINT('',(-37.0864077037953,50.,23.1524879879145));
#2427=CARTESIAN_POINT('',(-16.9925069102397,50.,20.4024879879189));
#2428=CARTESIAN_POINT('Origin',(-37.0864077037953,50.,45.4024879879047));
#2429=CARTESIAN_POINT('',(-37.0864077037953,1.99999999999999,-18.8225120120254));
#2430=CARTESIAN_POINT('',(-37.0864077037953,50.,-18.8225120120254));
#2431=CARTESIAN_POINT('',(-37.0864077037953,1.99999999999999,-43.5975120120662));
#2432=CARTESIAN_POINT('',(-37.0864077037953,1.99999999999999,-43.5975120120662));
#2433=CARTESIAN_POINT('',(-37.0864077037953,50.,-43.5975120120662));
#2434=CARTESIAN_POINT('Origin',(-37.0864077037953,50.,45.4024879879047));
#2435=CARTESIAN_POINT('',(-37.0864077037953,1.99999999999999,45.4024879879047));
#2436=CARTESIAN_POINT('',(-37.0864077037953,50.,45.4024879879047));
#2437=CARTESIAN_POINT('',(-37.0864077037953,1.99999999999999,20.4024879879146));
#2438=CARTESIAN_POINT('',(-37.0864077037953,1.99999999999999,-43.5975120120662));
#2439=CARTESIAN_POINT('',(-37.0864077037953,50.,20.4024879879145));
#2440=CARTESIAN_POINT('Origin',(-38.8986061166399,50.,20.4024879879146));
#2441=CARTESIAN_POINT('',(-89.0864077038535,1.99999999999999,20.4024879879047));
#2442=CARTESIAN_POINT('',(-89.0864077038535,1.99999999999999,20.4024879879047));
#2443=CARTESIAN_POINT('',(-89.0864077038535,50.,20.4024879879047));
#2444=CARTESIAN_POINT('Origin',(-89.086407703839,25.,0.677487987960028));
#2445=CARTESIAN_POINT('',(-89.086407703839,1.99999999998544,-18.8225120120254));
#2446=CARTESIAN_POINT('',(-89.0864077038535,1.99999999999999,-18.5975120120662));
#2447=CARTESIAN_POINT('',(-89.086407703839,1.99999999998544,-18.8225120120254));
#2448=CARTESIAN_POINT('Origin',(-37.0864077037953,50.,-43.5975120120662));
#2449=CARTESIAN_POINT('',(-16.194407703839,1.99999999999999,-43.5975120120662));
#2450=CARTESIAN_POINT('',(46.9135922961756,1.99999999999999,-43.5975120120662));
#2451=CARTESIAN_POINT('',(-16.194407703839,13.2,-43.5975120120662));
#2452=CARTESIAN_POINT('',(-16.194407703839,31.6,-43.5975120120661));
#2453=CARTESIAN_POINT('',(-6.99440770383899,13.2,-43.5975120120662));
#2454=CARTESIAN_POINT('',(-22.0404077038172,13.2,-43.5975120120661));
#2455=CARTESIAN_POINT('',(-6.99440770383899,1.99999999999999,-43.5975120120662));
#2456=CARTESIAN_POINT('',(-6.99440770383899,26.,-43.5975120120661));
#2457=CARTESIAN_POINT('',(12.523592296161,1.99999999999999,-43.5975120120662));
#2458=CARTESIAN_POINT('',(46.9135922961756,1.99999999999999,-43.5975120120662));
#2459=CARTESIAN_POINT('',(12.523592296161,13.2,-43.5975120120662));
#2460=CARTESIAN_POINT('',(12.523592296161,31.6,-43.5975120120662));
#2461=CARTESIAN_POINT('',(25.723592296161,13.2,-43.5975120120662));
#2462=CARTESIAN_POINT('',(-5.68140770381715,13.2,-43.5975120120662));
#2463=CARTESIAN_POINT('',(25.723592296161,1.99999999999999,-43.5975120120662));
#2464=CARTESIAN_POINT('',(25.723592296161,26.,-43.5975120120662));
#2465=CARTESIAN_POINT('',(46.9135922961756,1.99999999999999,-43.5975120120662));
#2466=CARTESIAN_POINT('',(46.9135922961756,1.99999999999999,-43.5975120120662));
#2467=CARTESIAN_POINT('',(46.9135922961756,50.,-43.5975120120662));
#2468=CARTESIAN_POINT('Origin',(46.9135922961756,50.,45.4024879879047));
#2469=CARTESIAN_POINT('',(46.9135922961756,1.99999999999999,45.4024879879047));
#2470=CARTESIAN_POINT('',(46.9135922961756,50.,45.4024879879047));
#2471=CARTESIAN_POINT('',(-37.0864077037953,1.99999999999999,45.4024879879047));
#2472=CARTESIAN_POINT('',(-30.0864077038356,14.,45.4024879879047));
#2473=CARTESIAN_POINT('',(-30.0864077038357,39.,45.4024879879047));
#2474=CARTESIAN_POINT('',(-30.0864077038356,32.,45.4024879879047));
#2475=CARTESIAN_POINT('',(39.9135922961644,14.,45.4024879879047));
#2476=CARTESIAN_POINT('',(43.41359229617,14.,45.4024879879047));
#2477=CARTESIAN_POINT('',(39.9135922961643,39.,45.4024879879047));
#2478=CARTESIAN_POINT('',(39.9135922961643,44.5,45.4024879879047));
#2479=CARTESIAN_POINT('',(8.41359229616998,39.,45.4024879879047));
#2480=CARTESIAN_POINT('Origin',(46.9135922961756,50.,-43.5975120120662));
#2481=CARTESIAN_POINT('',(46.9135922961756,1.99999999999999,45.4024879879047));
#2482=CARTESIAN_POINT('Origin',(12.523592296161,13.2,-45.5975120120758));
#2483=CARTESIAN_POINT('',(12.523592296161,2.,-45.5975120120758));
#2484=CARTESIAN_POINT('',(12.523592296161,2.,-45.5975120120758));
#2485=CARTESIAN_POINT('',(12.523592296161,13.2,-45.5975120120758));
#2486=CARTESIAN_POINT('',(12.523592296161,6.59999999999999,-45.5975120120758));
#2487=CARTESIAN_POINT('',(12.523592296161,13.2,-45.5975120120758));
#2488=CARTESIAN_POINT('Origin',(-6.99440770383899,13.2,-45.5975120120758));
#2489=CARTESIAN_POINT('',(-16.194407703839,13.2,-45.5975120120758));
#2490=CARTESIAN_POINT('',(-16.194407703839,13.2,-45.5975120120758));
#2491=CARTESIAN_POINT('',(-6.99440770383899,13.2,-45.5975120120758));
#2492=CARTESIAN_POINT('',(20.9595922961627,13.2,-45.5975120120758));
#2493=CARTESIAN_POINT('',(-6.99440770383899,13.2,-45.5975120120758));
#2494=CARTESIAN_POINT('Origin',(-16.194407703839,13.2,-45.5975120120758));
#2495=CARTESIAN_POINT('',(-16.194407703839,2.,-45.5975120120758));
#2496=CARTESIAN_POINT('',(-16.194407703839,2.,-45.5975120120758));
#2497=CARTESIAN_POINT('',(-16.194407703839,6.6,-45.5975120120758));
#2498=CARTESIAN_POINT('Origin',(4.91359229615377,1.99999999999999,0.902487987919276));
#2499=CARTESIAN_POINT('',(25.723592296161,1.99999999999999,-45.5975120120758));
#2500=CARTESIAN_POINT('',(25.723592296161,1.99999999999999,-45.5975120120758));
#2501=CARTESIAN_POINT('',(30.7185922961627,1.99999999999999,-45.5975120120758));
#2502=CARTESIAN_POINT('',(-6.99440770383899,1.99999999999999,-45.5975120120758));
#2503=CARTESIAN_POINT('',(-6.99440770383899,1.99999999999999,-45.5975120120758));
#2504=CARTESIAN_POINT('',(16.3595922961627,1.99999999999999,-45.5975120120758));
#2505=CARTESIAN_POINT('',(-36.086407703839,1.99999999998544,-18.8225120120254));
#2506=CARTESIAN_POINT('Origin',(39.9135922961643,39.,47.4024879879242));
#2507=CARTESIAN_POINT('',(39.9135922961644,14.,47.4024879879242));
#2508=CARTESIAN_POINT('',(39.9135922961644,14.,47.4024879879242));
#2509=CARTESIAN_POINT('',(39.9135922961643,39.,47.4024879879242));
#2510=CARTESIAN_POINT('',(39.9135922961644,19.5,47.4024879879242));
#2511=CARTESIAN_POINT('',(39.9135922961643,39.,47.4024879879242));
#2512=CARTESIAN_POINT('Origin',(39.9135922961644,14.,47.4024879879242));
#2513=CARTESIAN_POINT('',(-30.0864077038356,14.,47.4024879879242));
#2514=CARTESIAN_POINT('',(-30.0864077038356,14.,47.4024879879242));
#2515=CARTESIAN_POINT('',(0.413592296164364,14.,47.4024879879242));
#2516=CARTESIAN_POINT('Origin',(-36.086407703839,48.0000000000146,-18.8225120120254));
#2517=CARTESIAN_POINT('Origin',(-91.0864077038357,50.,-20.5975120120758));
#2518=CARTESIAN_POINT('',(-39.0864077038356,0.,-20.5975120120758));
#2519=CARTESIAN_POINT('',(-39.0864077038356,25.,-20.5975120120758));
#2520=CARTESIAN_POINT('',(-91.0864077038357,0.,-20.5975120120758));
#2521=CARTESIAN_POINT('',(-39.0864077038356,0.,-20.5975120120758));
#2522=CARTESIAN_POINT('',(-91.0864077038357,50.,-20.5975120120758));
#2523=CARTESIAN_POINT('Origin',(-91.0864077038357,50.,22.4024879879242));
#2524=CARTESIAN_POINT('',(-91.0864077038357,0.,22.4024879879242));
#2525=CARTESIAN_POINT('',(-91.0864077038357,0.,-20.5975120120758));
#2526=CARTESIAN_POINT('',(-91.0864077038357,50.,22.4024879879242));
#2527=CARTESIAN_POINT('Origin',(-39.0864077038356,50.,22.4024879879242));
#2528=CARTESIAN_POINT('',(-39.0864077038356,0.,22.4024879879242));
#2529=CARTESIAN_POINT('',(-91.0864077038357,0.,22.4024879879242));
#2530=CARTESIAN_POINT('',(-39.0864077038356,25.,22.4024879879242));
#2531=CARTESIAN_POINT('Origin',(-39.0864077038357,0.,-45.5975120120758));
#2532=CARTESIAN_POINT('',(-39.0864077038357,0.,-45.5975120120758));
#2533=CARTESIAN_POINT('',(-39.0864077038357,0.,-45.5975120120758));
#2534=CARTESIAN_POINT('',(-39.0864077038357,0.,-45.5975120120758));
#2535=CARTESIAN_POINT('Origin',(-39.0864077038357,0.,-45.5975120120758));
#2536=CARTESIAN_POINT('',(-39.0864077038356,0.,47.4024879879242));
#2537=CARTESIAN_POINT('',(-39.0864077038357,0.,-45.5975120120758));
#2538=CARTESIAN_POINT('',(-39.0864077038356,0.,47.4024879879242));
#2539=CARTESIAN_POINT('Origin',(-6.99440770383899,1.99999999999999,-45.5975120120758));
#2540=CARTESIAN_POINT('',(-6.99440770383899,0.999999999999996,-45.5975120120758));
#2541=CARTESIAN_POINT('Origin',(25.723592296161,1.99999999999999,-45.5975120120758));
#2542=CARTESIAN_POINT('',(25.723592296161,13.2,-45.5975120120758));
#2543=CARTESIAN_POINT('',(25.723592296161,13.2,-45.5975120120758));
#2544=CARTESIAN_POINT('',(25.723592296161,0.999999999999996,-45.5975120120758));
#2545=CARTESIAN_POINT('Origin',(25.723592296161,13.2,-45.5975120120758));
#2546=CARTESIAN_POINT('',(37.3185922961627,13.2,-45.5975120120758));
#2547=CARTESIAN_POINT('Origin',(-30.0864077038356,14.,47.4024879879242));
#2548=CARTESIAN_POINT('',(-30.0864077038357,39.,47.4024879879242));
#2549=CARTESIAN_POINT('',(-30.0864077038357,39.,47.4024879879242));
#2550=CARTESIAN_POINT('',(-30.0864077038356,7.00000000000001,47.4024879879242));
#2551=CARTESIAN_POINT('Origin',(-30.0864077038357,39.,47.4024879879242));
#2552=CARTESIAN_POINT('',(-34.5864077038356,39.,47.4024879879242));
#2553=CARTESIAN_POINT('Origin',(-39.0864077038356,0.,47.4024879879242));
#2554=CARTESIAN_POINT('',(48.9135922961644,0.,47.4024879879242));
#2555=CARTESIAN_POINT('',(-39.0864077038356,0.,47.4024879879242));
#2556=CARTESIAN_POINT('',(48.9135922961644,0.,47.4024879879242));
#2557=CARTESIAN_POINT('Origin',(48.9135922961643,0.,-45.5975120120758));
#2558=CARTESIAN_POINT('',(48.9135922961643,0.,-45.5975120120758));
#2559=CARTESIAN_POINT('',(48.9135922961643,0.,-45.5975120120758));
#2560=CARTESIAN_POINT('',(48.9135922961643,0.,-45.5975120120758));
#2561=CARTESIAN_POINT('Origin',(48.9135922961644,0.,47.4024879879242));
#2562=CARTESIAN_POINT('',(48.9135922961644,0.,47.4024879879242));
#2563=CARTESIAN_POINT('Origin',(4.91359229616436,0.,0.902487987924201));
#2564=CARTESIAN_POINT('Origin',(6.35,50.,133.35));
#2565=CARTESIAN_POINT('',(-2.5,50.,133.35));
#2566=CARTESIAN_POINT('Origin',(6.35,50.,133.35));
#2567=CARTESIAN_POINT('',(-2.5,48.,133.35));
#2568=CARTESIAN_POINT('',(-2.5,50.,133.35));
#2569=CARTESIAN_POINT('Origin',(6.35,48.,133.35));
#2570=CARTESIAN_POINT('Origin',(-11.1125,50.,133.35));
#2571=CARTESIAN_POINT('',(-13.6125,50.,133.35));
#2572=CARTESIAN_POINT('Origin',(-11.1125,50.,133.35));
#2573=CARTESIAN_POINT('',(-13.6125,48.,133.35));
#2574=CARTESIAN_POINT('',(-13.6125,50.,133.35));
#2575=CARTESIAN_POINT('Origin',(-11.1125,48.,133.35));
#2576=CARTESIAN_POINT('Origin',(-87.0853387717172,49.75,116.312500000025));
#2577=CARTESIAN_POINT('',(-89.0853387717172,50.,116.312500000025));
#2578=CARTESIAN_POINT('Origin',(-87.0853387717172,50.,116.312500000025));
#2579=CARTESIAN_POINT('',(-88.5853387717172,49.5,116.312500000025));
#2580=CARTESIAN_POINT('',(-88.8353387717172,49.75,116.312500000025));
#2581=CARTESIAN_POINT('Origin',(-87.0853387717172,49.5,116.312500000025));
#2582=CARTESIAN_POINT('Origin',(-87.0853387717172,-220.43545168357,116.312500000025));
#2583=CARTESIAN_POINT('',(-88.5853387717172,48.,116.312500000025));
#2584=CARTESIAN_POINT('',(-88.5853387717172,-220.43545168357,116.312500000025));
#2585=CARTESIAN_POINT('Origin',(-87.0853387717172,48.,116.312500000025));
#2586=CARTESIAN_POINT('Origin',(-87.0853387717172,49.75,151.312499999975));
#2587=CARTESIAN_POINT('',(-89.0853387717172,50.,151.312499999975));
#2588=CARTESIAN_POINT('Origin',(-87.0853387717172,50.,151.312499999975));
#2589=CARTESIAN_POINT('',(-88.5853387717172,49.5,151.312499999975));
#2590=CARTESIAN_POINT('',(-88.8353387717172,49.75,151.312499999975));
#2591=CARTESIAN_POINT('Origin',(-87.0853387717172,49.5,151.312499999975));
#2592=CARTESIAN_POINT('Origin',(-87.0853387717172,-220.43545168357,151.312499999975));
#2593=CARTESIAN_POINT('',(-88.5853387717172,48.,151.312499999975));
#2594=CARTESIAN_POINT('',(-88.5853387717172,-220.43545168357,151.312499999975));
#2595=CARTESIAN_POINT('Origin',(-87.0853387717172,48.,151.312499999975));
#2596=CARTESIAN_POINT('Origin',(-35.0864077038647,49.75,176.312500000029));
#2597=CARTESIAN_POINT('',(-37.0864077038647,50.,176.312500000029));
#2598=CARTESIAN_POINT('Origin',(-35.0864077038647,50.,176.312500000029));
#2599=CARTESIAN_POINT('',(-36.5864077038647,49.5,176.312500000029));
#2600=CARTESIAN_POINT('',(-36.8364077038647,49.75,176.312500000029));
#2601=CARTESIAN_POINT('Origin',(-35.0864077038647,49.5,176.312500000029));
#2602=CARTESIAN_POINT('Origin',(-35.0864077038647,-220.43545168357,176.312500000029));
#2603=CARTESIAN_POINT('',(-36.5864077038647,48.,176.312500000029));
#2604=CARTESIAN_POINT('',(-36.5864077038647,-220.43545168357,176.312500000029));
#2605=CARTESIAN_POINT('Origin',(-35.0864077038647,48.,176.312500000029));
#2606=CARTESIAN_POINT('Origin',(44.9135922961935,49.75,176.312500000029));
#2607=CARTESIAN_POINT('',(42.9135922961935,50.,176.312500000029));
#2608=CARTESIAN_POINT('Origin',(44.9135922961935,50.,176.312500000029));
#2609=CARTESIAN_POINT('',(43.4135922961935,49.5,176.312500000029));
#2610=CARTESIAN_POINT('',(43.1635922961935,49.75,176.312500000029));
#2611=CARTESIAN_POINT('Origin',(44.9135922961935,49.5,176.312500000029));
#2612=CARTESIAN_POINT('Origin',(44.9135922961935,-220.43545168357,176.312500000029));
#2613=CARTESIAN_POINT('',(43.4135922961935,48.,176.312500000029));
#2614=CARTESIAN_POINT('',(43.4135922961935,-220.43545168357,176.312500000029));
#2615=CARTESIAN_POINT('Origin',(44.9135922961935,48.,176.312500000029));
#2616=CARTESIAN_POINT('Origin',(44.9135922961935,49.75,91.3124999999709));
#2617=CARTESIAN_POINT('',(42.9135922961935,50.,91.3124999999709));
#2618=CARTESIAN_POINT('Origin',(44.9135922961935,50.,91.3124999999709));
#2619=CARTESIAN_POINT('',(43.4135922961935,49.5,91.3124999999709));
#2620=CARTESIAN_POINT('',(43.1635922961935,49.75,91.3124999999709));
#2621=CARTESIAN_POINT('Origin',(44.9135922961935,49.5,91.3124999999709));
#2622=CARTESIAN_POINT('Origin',(44.9135922961935,-220.43545168357,91.3124999999709));
#2623=CARTESIAN_POINT('',(43.4135922961935,48.,91.3124999999709));
#2624=CARTESIAN_POINT('',(43.4135922961935,-220.43545168357,91.3124999999709));
#2625=CARTESIAN_POINT('Origin',(44.9135922961935,48.,91.3124999999709));
#2626=CARTESIAN_POINT('Origin',(-35.0864077038647,49.75,91.3124999999709));
#2627=CARTESIAN_POINT('',(-37.0864077038647,50.,91.3124999999709));
#2628=CARTESIAN_POINT('Origin',(-35.0864077038647,50.,91.3124999999709));
#2629=CARTESIAN_POINT('',(-36.5864077038647,49.5,91.3124999999709));
#2630=CARTESIAN_POINT('',(-36.8364077038647,49.75,91.3124999999709));
#2631=CARTESIAN_POINT('Origin',(-35.0864077038647,49.5,91.3124999999709));
#2632=CARTESIAN_POINT('Origin',(-35.0864077038647,-220.43545168357,91.3124999999709));
#2633=CARTESIAN_POINT('',(-36.5864077038647,48.,91.3124999999709));
#2634=CARTESIAN_POINT('',(-36.5864077038647,-220.43545168357,91.3124999999709));
#2635=CARTESIAN_POINT('Origin',(-35.0864077038647,48.,91.3124999999709));
#2636=CARTESIAN_POINT('Origin',(4.91359229614848,48.,133.812499999989));
#2637=CARTESIAN_POINT('',(-91.0853387717419,48.,155.3125));
#2638=CARTESIAN_POINT('',(-39.0864077038356,48.,155.3125));
#2639=CARTESIAN_POINT('',(-52.0858732377888,48.,155.3125));
#2640=CARTESIAN_POINT('',(-91.0853387717419,48.,112.3125));
#2641=CARTESIAN_POINT('',(-91.0853387717419,48.,144.5625));
#2642=CARTESIAN_POINT('',(-39.0864077038356,48.,112.3125));
#2643=CARTESIAN_POINT('',(-78.0853387717419,48.,112.3125));
#2644=CARTESIAN_POINT('',(-39.0864077038356,48.,87.3125));
#2645=CARTESIAN_POINT('',(-39.0864077038356,48.,157.0625));
#2646=CARTESIAN_POINT('',(48.9135922961644,48.,87.3125));
#2647=CARTESIAN_POINT('',(-17.0864077038356,48.,87.3125));
#2648=CARTESIAN_POINT('',(48.9135922961644,48.,180.3125));
#2649=CARTESIAN_POINT('',(48.9135922961644,48.,110.5625));
#2650=CARTESIAN_POINT('',(-39.0864077038356,48.,180.3125));
#2651=CARTESIAN_POINT('',(26.9135922961644,48.,180.3125));
#2652=CARTESIAN_POINT('',(-39.0864077038356,48.,157.0625));
#2653=CARTESIAN_POINT('Origin',(-91.0853387717419,50.,112.3125));
#2654=CARTESIAN_POINT('',(-91.0853387717419,50.,112.3125));
#2655=CARTESIAN_POINT('',(-91.0853387717419,50.,112.3125));
#2656=CARTESIAN_POINT('',(-39.0864077038356,50.,112.3125));
#2657=CARTESIAN_POINT('',(-39.0853387717419,50.,112.3125));
#2658=CARTESIAN_POINT('',(-39.0864077038356,50.,112.3125));
#2659=CARTESIAN_POINT('Origin',(4.91359229616438,50.,133.8125));
#2660=CARTESIAN_POINT('',(-39.0864077038356,50.,180.3125));
#2661=CARTESIAN_POINT('',(48.9135922961644,50.,180.3125));
#2662=CARTESIAN_POINT('',(-39.0864077038356,50.,180.3125));
#2663=CARTESIAN_POINT('',(48.9135922961644,50.,87.3125));
#2664=CARTESIAN_POINT('',(48.9135922961644,50.,180.3125));
#2665=CARTESIAN_POINT('',(-39.0864077038356,50.,87.3125));
#2666=CARTESIAN_POINT('',(48.9135922961644,50.,87.3125));
#2667=CARTESIAN_POINT('',(-39.0864077038356,50.,87.3125));
#2668=CARTESIAN_POINT('',(-91.0853387717419,50.,155.3125));
#2669=CARTESIAN_POINT('',(-91.0853387717419,50.,112.3125));
#2670=CARTESIAN_POINT('',(-39.0864077038356,50.,155.3125));
#2671=CARTESIAN_POINT('',(-91.0853387717419,50.,155.3125));
#2672=CARTESIAN_POINT('',(-39.0864077038356,50.,87.3125));
#2673=CARTESIAN_POINT('Origin',(-39.0864077038356,50.,180.3125));
#2674=CARTESIAN_POINT('',(-39.0864077038356,50.,87.3125));
#2675=CARTESIAN_POINT('Origin',(-39.0864077038356,50.,155.3125));
#2676=CARTESIAN_POINT('',(-39.0864077038356,50.,155.3125));
#2677=CARTESIAN_POINT('',(-91.0853387717419,50.,155.3125));
#2678=CARTESIAN_POINT('Origin',(-91.0853387717419,50.,155.3125));
#2679=CARTESIAN_POINT('Origin',(-39.0864077038356,50.,87.3125));
#2680=CARTESIAN_POINT('',(48.9135922961644,50.,87.3125));
#2681=CARTESIAN_POINT('Origin',(48.9135922961644,50.,87.3125));
#2682=CARTESIAN_POINT('',(48.9135922961644,50.,180.3125));
#2683=CARTESIAN_POINT('Origin',(48.9135922961644,50.,180.3125));
#2684=CARTESIAN_POINT('',(-39.0864077038356,50.,180.3125));
#2685=CARTESIAN_POINT('Origin',(-39.0864077038356,50.,180.3125));
#2686=CARTESIAN_POINT('',(0.,0.,0.));
#2687=CARTESIAN_POINT('',(0.,50.,0.));
#2688=CARTESIAN_POINT('',(142.149999999983,50.,44.4024879879484));
#2689=CARTESIAN_POINT('',(60.1499999999971,50.,-42.5975120121098));
#2690=CARTESIAN_POINT('',(-39.0864077038356,0.,1.77635683940025E-14));
#2691=CARTESIAN_POINT('',(-39.0864077038356,0.,1.77635683940025E-14));
#2692=CARTESIAN_POINT('',(0.,50.,0.));
#2693=CARTESIAN_POINT('',(0.,50.,0.));
#2694=CARTESIAN_POINT('',(-39.0864077038356,50.,-20.5975120120758));
#2695=CARTESIAN_POINT('',(-91.0864077038357,50.,-20.5975120120758));
#2696=CARTESIAN_POINT('',(48.9135922961643,50.,-45.5975120120758));
#2697=CARTESIAN_POINT('',(48.9135922961644,50.,47.4024879879242));
#2698=CARTESIAN_POINT('',(48.9135922961644,0.,-1.77635683940025E-14));
#2699=CARTESIAN_POINT('',(48.9135922961644,0.,47.4024879879242));
#2700=CARTESIAN_POINT('',(48.9135922961644,50.,47.4024879879242));
#2701=CARTESIAN_POINT('',(-37.0864077037953,0.,2.22044604925031E-15));
#2702=CARTESIAN_POINT('',(-37.0864077037953,50.,-18.8225120120254));
#2703=CARTESIAN_POINT('',(-37.0864077037953,50.,-43.5975120120662));
#2704=CARTESIAN_POINT('',(8.88178419700125E-15,0.,47.4024879879242));
#2705=CARTESIAN_POINT('',(-91.0864077038357,0.,0.));
#2706=CARTESIAN_POINT('',(-37.0864077037953,0.,2.22044604925031E-15));
#2707=UNCERTAINTY_MEASURE_WITH_UNIT(LENGTH_MEASURE(0.01),#2711,
'DISTANCE_ACCURACY_VALUE',
'Maximum model space distance between geometric entities at asserted c
onnectivities');
#2708=UNCERTAINTY_MEASURE_WITH_UNIT(LENGTH_MEASURE(0.01),#2711,
'DISTANCE_ACCURACY_VALUE',
'Maximum model space distance between geometric entities at asserted c
onnectivities');
#2709=(
GEOMETRIC_REPRESENTATION_CONTEXT(3)
GLOBAL_UNCERTAINTY_ASSIGNED_CONTEXT((#2707))
GLOBAL_UNIT_ASSIGNED_CONTEXT((#2711,#2713,#2714))
REPRESENTATION_CONTEXT('','3D')
);
#2710=(
GEOMETRIC_REPRESENTATION_CONTEXT(3)
GLOBAL_UNCERTAINTY_ASSIGNED_CONTEXT((#2708))
GLOBAL_UNIT_ASSIGNED_CONTEXT((#2711,#2713,#2714))
REPRESENTATION_CONTEXT('','3D')
);
#2711=(
LENGTH_UNIT()
NAMED_UNIT(*)
SI_UNIT(.MILLI.,.METRE.)
);
#2712=(
LENGTH_UNIT()
NAMED_UNIT(*)
SI_UNIT(.CENTI.,.METRE.)
);
#2713=(
NAMED_UNIT(*)
PLANE_ANGLE_UNIT()
SI_UNIT($,.RADIAN.)
);
#2714=(
NAMED_UNIT(*)
SI_UNIT($,.STERADIAN.)
SOLID_ANGLE_UNIT()
);
#2715=SHAPE_DEFINITION_REPRESENTATION(#2716,#2717);
#2716=PRODUCT_DEFINITION_SHAPE('',$,#2719);
#2717=SHAPE_REPRESENTATION('',(#1684),#2709);
#2718=PRODUCT_DEFINITION_CONTEXT('part definition',#2723,'design');
#2719=PRODUCT_DEFINITION('Cover Arduino New Final',
'Cover Arduino New Final',#2720,#2718);
#2720=PRODUCT_DEFINITION_FORMATION('',$,#2725);
#2721=PRODUCT_RELATED_PRODUCT_CATEGORY('Cover Arduino New Final',
'Cover Arduino New Final',(#2725));
#2722=APPLICATION_PROTOCOL_DEFINITION('international standard',
'automotive_design',2009,#2723);
#2723=APPLICATION_CONTEXT(
'Core Data for Automotive Mechanical Design Process');
#2724=PRODUCT_CONTEXT('part definition',#2723,'mechanical');
#2725=PRODUCT('Cover Arduino New Final','Cover Arduino New Final',$,(#2724));
#2726=PRESENTATION_STYLE_ASSIGNMENT((#2728));
#2727=PRESENTATION_STYLE_ASSIGNMENT((#2729));
#2728=SURFACE_STYLE_USAGE(.BOTH.,#2732);
#2729=SURFACE_STYLE_USAGE(.BOTH.,#2733);
#2730=SURFACE_STYLE_RENDERING_WITH_PROPERTIES($,#2740,(#2731));
#2731=SURFACE_STYLE_TRANSPARENT(0.);
#2732=SURFACE_SIDE_STYLE('',(#2734,#2730));
#2733=SURFACE_SIDE_STYLE('',(#2735));
#2734=SURFACE_STYLE_FILL_AREA(#2736);
#2735=SURFACE_STYLE_FILL_AREA(#2737);
#2736=FILL_AREA_STYLE('',(#2738));
#2737=FILL_AREA_STYLE('',(#2739));
#2738=FILL_AREA_STYLE_COLOUR('',#2740);
#2739=FILL_AREA_STYLE_COLOUR('',#2741);
#2740=COLOUR_RGB('',0.749019607843137,0.749019607843137,0.749019607843137);
#2741=COLOUR_RGB('',0.913725490196078,0.913725490196078,0.);
ENDSEC;
END-ISO-10303-21;
